badname	goodname
uc1.b16142	uc1.$b16142
uc1.b250599	uc1.$b250599
uc1.b252306	uc1.$b252306
uc1.b248564	uc1.$b248564
uc1.b51247	uc1.$b51247
uc1.b111963	uc1.$b111963
uc1.b291252	uc1.$b291252
uc1.b275084	uc1.$b275084
uc1.b248721	uc1.$b248721
uc1.b278740	uc1.$b278740
uc1.b248787	uc1.$b248787
uc1.b254667	uc1.$b254667
uc1.b248764	uc1.$b248764
uc1.b287482	uc1.$b287482
uc1.b249683	uc1.$b249683
uc1.b296426	uc1.$b296426
uc1.b249579	uc1.$b249579
uc1.b259166	uc1.$b259166
uc1.b275176	uc1.$b275176
uc1.b112608	uc1.$b112608
uc1.b251146	uc1.$b251146
uc1.b25495	uc1.$b25495
uc1.b111773	uc1.$b111773
uc1.b303766	uc1.$b303766
uc1.b250380	uc1.$b250380
uc1.b307277	uc1.$b307277
uc1.b111887	uc1.$b111887
uc1.b325316	uc1.$b325316
uc1.b274527	uc1.$b274527
uc1.b289585	uc1.$b289585
uc1.b250592	uc1.$b250592
uc1.b258467	uc1.$b258467
uc1.b304844	uc1.$b304844
uc1.b251156	uc1.$b251156
uc1.b249543	uc1.$b249543
uc1.b249751	uc1.$b249751
uc1.b259933	uc1.$b259933
uc1.b74582	uc1.$b74582
uc1.b258865	uc1.$b258865
uc1.b275177	uc1.$b275177
uc1.b296604	uc1.$b296604
uc1.b251220	uc1.$b251220
uc1.b156039	uc1.$b156039
uc1.b303922	uc1.$b303922
uc1.b248937	uc1.$b248937
uc1.b249512	uc1.$b249512
uc1.b278746	uc1.$b278746
uc1.b683011	uc1.$b683011
uc1.b253964	uc1.$b253964
uc1.b276388	uc1.$b276388
uc1.b249566	uc1.$b249566
uc1.b248827	uc1.$b248827
uc1.b245213	uc1.$b245213
uc1.b248274	uc1.$b248274
uc1.b250170	uc1.$b250170
uc1.b282252	uc1.$b282252
uc1.b272927	uc1.$b272927
uc1.b250179	uc1.$b250179
uc1.b248039	uc1.$b248039
uc1.b249243	uc1.$b249243
uc1.b248548	uc1.$b248548
uc1.b138726	uc1.$b138726
uc1.b119968	uc1.$b119968
uc1.b249745	uc1.$b249745
uc1.b308301	uc1.$b308301
uc1.b794341	uc1.$b794341
uc1.b111926	uc1.$b111926
uc1.b320986	uc1.$b320986
uc1.b29747	uc1.$b29747
uc1.b249741	uc1.$b249741
uc1.b249785	uc1.$b249785
uc1.b29373	uc1.$b29373
uc1.b249845	uc1.$b249845
uc1.b266935	uc1.$b266935
uc1.b254212	uc1.$b254212
uc1.b316301	uc1.$b316301
uc1.b309787	uc1.$b309787
uc1.b287619	uc1.$b287619
uc1.b259736	uc1.$b259736
uc1.b247004	uc1.$b247004
uc1.b266928	uc1.$b266928
uc1.b321816	uc1.$b321816
uc1.b250121	uc1.$b250121
uc1.b33544	uc1.$b33544
uc1.b248225	uc1.$b248225
uc1.b111716	uc1.$b111716
uc1.b308292	uc1.$b308292
uc1.b274979	uc1.$b274979
uc1.b250237	uc1.$b250237
uc1.b317875	uc1.$b317875
uc1.b250095	uc1.$b250095
uc1.b255842	uc1.$b255842
uc1.b254250	uc1.$b254250
uc1.b272197	uc1.$b272197
uc1.b182340	uc1.$b182340
uc1.b249622	uc1.$b249622
uc1.b317666	uc1.$b317666
uc1.b274966	uc1.$b274966
uc1.b112762	uc1.$b112762
uc1.b250358	uc1.$b250358
uc1.b296603	uc1.$b296603
uc1.b250189	uc1.$b250189
uc1.b248766	uc1.$b248766
uc1.b111381	uc1.$b111381
uc1.b316145	uc1.$b316145
uc1.b25496	uc1.$b25496
uc1.b248234	uc1.$b248234
uc1.b278741	uc1.$b278741
uc1.b111411	uc1.$b111411
uc1.b325315	uc1.$b325315
uc1.b302250	uc1.$b302250
uc1.b111410	uc1.$b111410
uc1.b29315	uc1.$b29315
uc1.b182945	uc1.$b182945
uc1.b285427	uc1.$b285427
uc1.b215884	uc1.$b215884
uc1.b77156	uc1.$b77156
uc1.b112607	uc1.$b112607
uc1.b250208	uc1.$b250208
uc1.b275068	uc1.$b275068
uc1.b248723	uc1.$b248723
uc1.b215882	uc1.$b215882
uc1.b250154	uc1.$b250154
uc1.b248582	uc1.$b248582
uc1.b58854	uc1.$b58854
uc1.b57359	uc1.$b57359
uc1.b303634	uc1.$b303634
uc1.b248752	uc1.$b248752
uc1.b248049	uc1.$b248049
uc1.b149281	uc1.$b149281
uc1.b317651	uc1.$b317651
uc1.b155984	uc1.$b155984
uc1.b254666	uc1.$b254666
uc1.b250196	uc1.$b250196
uc1.b250204	uc1.$b250204
uc1.b249743	uc1.$b249743
uc1.b249219	uc1.$b249219
uc1.b18003	uc1.$b18003
uc1.b28759	uc1.$b28759
uc1.b259735	uc1.$b259735
uc1.b249502	uc1.$b249502
uc1.b271415	uc1.$b271415
uc1.b182852	uc1.$b182852
uc1.b250598	uc1.$b250598
uc1.b248070	uc1.$b248070
uc1.b278744	uc1.$b278744
uc1.b317349	uc1.$b317349
uc1.b250184	uc1.$b250184
uc1.b286471	uc1.$b286471
uc1.b249274	uc1.$b249274
uc1.b248501	uc1.$b248501
uc1.b310394	uc1.$b310394
uc1.b70041	uc1.$b70041
uc1.b59451	uc1.$b59451
uc1.b275095	uc1.$b275095
uc1.b251211	uc1.$b251211
uc1.b251243	uc1.$b251243
uc1.b248506	uc1.$b248506
uc1.b248756	uc1.$b248756
uc1.b317885	uc1.$b317885
uc1.b111808	uc1.$b111808
uc1.b278720	uc1.$b278720
uc1.b29217	uc1.$b29217
uc1.b250140	uc1.$b250140
uc1.b249246	uc1.$b249246
uc1.b251172	uc1.$b251172
uc1.b111390	uc1.$b111390
uc1.b316144	uc1.$b316144
uc1.b309425	uc1.$b309425
uc1.b80603	uc1.$b80603
uc1.b112525	uc1.$b112525
uc1.b604661	uc1.$b604661
uc1.b152140	uc1.$b152140
uc1.b316389	uc1.$b316389
uc1.b156244	uc1.$b156244
uc1.b183101	uc1.$b183101
uc1.b252293	uc1.$b252293
uc1.b248456	uc1.$b248456
uc1.b250240	uc1.$b250240
uc1.b251235	uc1.$b251235
uc1.b248928	uc1.$b248928
uc1.b272819	uc1.$b272819
uc1.b69947	uc1.$b69947
uc1.b250249	uc1.$b250249
uc1.b249557	uc1.$b249557
uc1.b271535	uc1.$b271535
uc1.b251209	uc1.$b251209
uc1.b112818	uc1.$b112818
uc1.b249060	uc1.$b249060
uc1.b249247	uc1.$b249247
uc1.b163628	uc1.$b163628
uc1.b250359	uc1.$b250359
uc1.b248067	uc1.$b248067
uc1.b249750	uc1.$b249750
uc1.b303503	uc1.$b303503
uc1.b250190	uc1.$b250190
uc1.b272764	uc1.$b272764
uc1.b249530	uc1.$b249530
uc1.b29263	uc1.$b29263
uc1.b251148	uc1.$b251148
uc1.b308281	uc1.$b308281
uc1.b119549	uc1.$b119549
uc1.b250250	uc1.$b250250
uc1.b112761	uc1.$b112761
uc1.b287612	uc1.$b287612
uc1.b250261	uc1.$b250261
uc1.b317878	uc1.$b317878
uc1.b287614	uc1.$b287614
uc1.b254254	uc1.$b254254
uc1.b215888	uc1.$b215888
uc1.b250155	uc1.$b250155
uc1.b70437	uc1.$b70437
uc1.b250198	uc1.$b250198
uc1.b318291	uc1.$b318291
uc1.b91308	uc1.$b91308
uc1.b249610	uc1.$b249610
uc1.b145287	uc1.$b145287
uc1.b250591	uc1.$b250591
uc1.b248577	uc1.$b248577
uc1.b308300	uc1.$b308300
uc1.b296185	uc1.$b296185
uc1.b274536	uc1.$b274536
uc1.b281919	uc1.$b281919
uc1.b318334	uc1.$b318334
uc1.b248754	uc1.$b248754
uc1.b297090	uc1.$b297090
uc1.b275317	uc1.$b275317
uc1.b250385	uc1.$b250385
uc1.b112780	uc1.$b112780
uc1.b147800	uc1.$b147800
uc1.b77309	uc1.$b77309
uc1.b271545	uc1.$b271545
uc1.b248026	uc1.$b248026
uc1.b250367	uc1.$b250367
uc1.b251167	uc1.$b251167
uc1.b249102	uc1.$b249102
uc1.b254665	uc1.$b254665
uc1.b616318	uc1.$b616318
uc1.b254252	uc1.$b254252
uc1.b14594	uc1.$b14594
uc1.b250130	uc1.$b250130
uc1.b249270	uc1.$b249270
uc1.b315609	uc1.$b315609
uc1.b25499	uc1.$b25499
uc1.b60010	uc1.$b60010
uc1.b250193	uc1.$b250193
uc1.b261841	uc1.$b261841
uc1.b83657	uc1.$b83657
uc1.b614819	uc1.$b614819
uc1.b193943	uc1.$b193943
uc1.b248119	uc1.$b248119
uc1.b249576	uc1.$b249576
uc1.b270449	uc1.$b270449
uc1.b266931	uc1.$b266931
uc1.b112380	uc1.$b112380
uc1.b111311	uc1.$b111311
uc1.b111908	uc1.$b111908
uc1.b287375	uc1.$b287375
uc1.b308294	uc1.$b308294
uc1.b9664	uc1.$b9664
uc1.b249106	uc1.$b249106
uc1.b260977	uc1.$b260977
uc1.b248389	uc1.$b248389
uc1.b250103	uc1.$b250103
uc1.b248727	uc1.$b248727
uc1.b248380	uc1.$b248380
uc1.b248924	uc1.$b248924
uc1.b285439	uc1.$b285439
uc1.b308309	uc1.$b308309
uc1.b249061	uc1.$b249061
uc1.b257481	uc1.$b257481
uc1.b248535	uc1.$b248535
uc1.b261261	uc1.$b261261
uc1.b307246	uc1.$b307246
uc1.b250117	uc1.$b250117
uc1.b282027	uc1.$b282027
uc1.b186316	uc1.$b186316
uc1.b251511	uc1.$b251511
uc1.b296183	uc1.$b296183
uc1.b250735	uc1.$b250735
uc1.b251152	uc1.$b251152
uc1.b248491	uc1.$b248491
uc1.b317990	uc1.$b317990
uc1.b296237	uc1.$b296237
uc1.b248038	uc1.$b248038
uc1.b248927	uc1.$b248927
uc1.b250194	uc1.$b250194
uc1.b287467	uc1.$b287467
uc1.b249556	uc1.$b249556
uc1.b248744	uc1.$b248744
uc1.b158564	uc1.$b158564
uc1.b282204	uc1.$b282204
uc1.b301202	uc1.$b301202
uc1.b268502	uc1.$b268502
uc1.b247124	uc1.$b247124
uc1.b248383	uc1.$b248383
uc1.b290446	uc1.$b290446
uc1.b256967	uc1.$b256967
uc1.b250188	uc1.$b250188
uc1.b250384	uc1.$b250384
uc1.b303172	uc1.$b303172
uc1.b250218	uc1.$b250218
uc1.b114651	uc1.$b114651
uc1.b324178	uc1.$b324178
uc1.b320593	uc1.$b320593
uc1.b308311	uc1.$b308311
uc1.b156787	uc1.$b156787
uc1.b29170	uc1.$b29170
uc1.b250175	uc1.$b250175
uc1.b320517	uc1.$b320517
uc1.b317689	uc1.$b317689
uc1.b287338	uc1.$b287338
uc1.b160100	uc1.$b160100
uc1.b251181	uc1.$b251181
uc1.b14967	uc1.$b14967
uc1.b317938	uc1.$b317938
uc1.b251158	uc1.$b251158
uc1.b250355	uc1.$b250355
uc1.b258468	uc1.$b258468
uc1.b111393	uc1.$b111393
uc1.b248073	uc1.$b248073
uc1.b248378	uc1.$b248378
uc1.b250253	uc1.$b250253
uc1.b287616	uc1.$b287616
uc1.b798772	uc1.$b798772
uc1.b114945	uc1.$b114945
uc1.b316341	uc1.$b316341
uc1.b261513	uc1.$b261513
uc1.b112055	uc1.$b112055
uc1.b274989	uc1.$b274989
uc1.b112032	uc1.$b112032
uc1.b312337	uc1.$b312337
uc1.b274965	uc1.$b274965
uc1.b249540	uc1.$b249540
uc1.b111310	uc1.$b111310
uc1.b29351	uc1.$b29351
uc1.b249548	uc1.$b249548
uc1.b81115	uc1.$b81115
uc1.b215886	uc1.$b215886
uc1.b272467	uc1.$b272467
uc1.b248235	uc1.$b248235
uc1.b303907	uc1.$b303907
uc1.b249589	uc1.$b249589
uc1.b300954	uc1.$b300954
uc1.b316255	uc1.$b316255
uc1.b111377	uc1.$b111377
uc1.b249225	uc1.$b249225
uc1.b250102	uc1.$b250102
uc1.b261454	uc1.$b261454
uc1.b254220	uc1.$b254220
uc1.b114652	uc1.$b114652
uc1.b248942	uc1.$b248942
uc1.b249266	uc1.$b249266
uc1.b248421	uc1.$b248421
uc1.b317873	uc1.$b317873
uc1.b287481	uc1.$b287481
uc1.b287345	uc1.$b287345
uc1.b317844	uc1.$b317844
uc1.b249616	uc1.$b249616
uc1.b254232	uc1.$b254232
uc1.b280045	uc1.$b280045
uc1.b250366	uc1.$b250366
uc1.b250724	uc1.$b250724
uc1.b308314	uc1.$b308314
uc1.b250167	uc1.$b250167
uc1.b248069	uc1.$b248069
uc1.b254036	uc1.$b254036
uc1.b251221	uc1.$b251221
uc1.b111701	uc1.$b111701
uc1.b248708	uc1.$b248708
uc1.b271504	uc1.$b271504
uc1.b307836	uc1.$b307836
uc1.b249057	uc1.$b249057
uc1.b291924	uc1.$b291924
uc1.b277702	uc1.$b277702
uc1.b251166	uc1.$b251166
uc1.b317985	uc1.$b317985
uc1.b248532	uc1.$b248532
uc1.b615762	uc1.$b615762
uc1.b81113	uc1.$b81113
uc1.b248068	uc1.$b248068
uc1.b318667	uc1.$b318667
uc1.b25422	uc1.$b25422
uc1.b250593	uc1.$b250593
uc1.b187348	uc1.$b187348
uc1.b248366	uc1.$b248366
uc1.b257417	uc1.$b257417
uc1.b261433	uc1.$b261433
uc1.b248114	uc1.$b248114
uc1.b156522	uc1.$b156522
uc1.b250085	uc1.$b250085
uc1.b102395	uc1.$b102395
uc1.b50173	uc1.$b50173
uc1.b308312	uc1.$b308312
uc1.b111886	uc1.$b111886
uc1.b249517	uc1.$b249517
uc1.b250166	uc1.$b250166
uc1.b254214	uc1.$b254214
uc1.b254228	uc1.$b254228
uc1.b248713	uc1.$b248713
uc1.b248356	uc1.$b248356
uc1.b274480	uc1.$b274480
uc1.b249245	uc1.$b249245
uc1.b309783	uc1.$b309783
uc1.b249254	uc1.$b249254
uc1.b317992	uc1.$b317992
uc1.b261514	uc1.$b261514
uc1.b250247	uc1.$b250247
uc1.b300288	uc1.$b300288
uc1.b248728	uc1.$b248728
uc1.b278373	uc1.$b278373
uc1.b318323	uc1.$b318323
uc1.b168816	uc1.$b168816
uc1.b274426	uc1.$b274426
uc1.b266926	uc1.$b266926
uc1.b27776	uc1.$b27776
uc1.b798731	uc1.$b798731
uc1.b317488	uc1.$b317488
uc1.b308284	uc1.$b308284
uc1.b313461	uc1.$b313461
uc1.b287478	uc1.$b287478
uc1.b249779	uc1.$b249779
uc1.b250354	uc1.$b250354
uc1.b249567	uc1.$b249567
uc1.b250228	uc1.$b250228
uc1.b296432	uc1.$b296432
uc1.b323451	uc1.$b323451
uc1.b275035	uc1.$b275035
uc1.b249542	uc1.$b249542
uc1.b275709	uc1.$b275709
uc1.b41092	uc1.$b41092
uc1.b250577	uc1.$b250577
uc1.b278745	uc1.$b278745
uc1.b317848	uc1.$b317848
uc1.b249244	uc1.$b249244
uc1.b614029	uc1.$b614029
uc1.b307860	uc1.$b307860
uc1.b119839	uc1.$b119839
uc1.b250156	uc1.$b250156
uc1.b117773	uc1.$b117773
uc1.b249272	uc1.$b249272
uc1.b304012	uc1.$b304012
uc1.b308275	uc1.$b308275
uc1.b291509	uc1.$b291509
uc1.b287613	uc1.$b287613
uc1.b70887	uc1.$b70887
uc1.b250210	uc1.$b250210
uc1.b249400	uc1.$b249400
uc1.b248357	uc1.$b248357
uc1.b250369	uc1.$b250369
uc1.b250122	uc1.$b250122
uc1.b248376	uc1.$b248376
uc1.b250113	uc1.$b250113
uc1.b158488	uc1.$b158488
uc1.b249559	uc1.$b249559
uc1.b250579	uc1.$b250579
uc1.b120492	uc1.$b120492
uc1.b316521	uc1.$b316521
uc1.b111912	uc1.$b111912
uc1.b259734	uc1.$b259734
uc1.b248102	uc1.$b248102
uc1.b251155	uc1.$b251155
uc1.b112595	uc1.$b112595
uc1.b249787	uc1.$b249787
uc1.b49150	uc1.$b49150
uc1.b287453	uc1.$b287453
uc1.b112587	uc1.$b112587
uc1.b261837	uc1.$b261837
uc1.b271891	uc1.$b271891
uc1.b317690	uc1.$b317690
uc1.b113054	uc1.$b113054
uc1.b282538	uc1.$b282538
uc1.b308282	uc1.$b308282
uc1.b249602	uc1.$b249602
uc1.b254219	uc1.$b254219
uc1.b275087	uc1.$b275087
uc1.b251210	uc1.$b251210
uc1.b248451	uc1.$b248451
uc1.b111885	uc1.$b111885
uc1.b74330	uc1.$b74330
uc1.b158517	uc1.$b158517
uc1.b305452	uc1.$b305452
uc1.b249881	uc1.$b249881
uc1.b162550	uc1.$b162550
uc1.b317881	uc1.$b317881
uc1.b248816	uc1.$b248816
uc1.b250410	uc1.$b250410
uc1.b114946	uc1.$b114946
uc1.b250207	uc1.$b250207
uc1.b249647	uc1.$b249647
uc1.b182947	uc1.$b182947
uc1.b250567	uc1.$b250567
uc1.b317612	uc1.$b317612
uc1.b248789	uc1.$b248789
uc1.b316136	uc1.$b316136
uc1.b250731	uc1.$b250731
uc1.b317920	uc1.$b317920
uc1.b60027	uc1.$b60027
uc1.b111717	uc1.$b111717
uc1.b265011	uc1.$b265011
uc1.b144546	uc1.$b144546
uc1.b193942	uc1.$b193942
uc1.b282437	uc1.$b282437
uc1.b112622	uc1.$b112622
uc1.b320839	uc1.$b320839
uc1.b296662	uc1.$b296662
uc1.b114450	uc1.$b114450
uc1.b278372	uc1.$b278372
uc1.b254226	uc1.$b254226
uc1.b281031	uc1.$b281031
uc1.b250536	uc1.$b250536
uc1.b599059	uc1.$b599059
uc1.b25332	uc1.$b25332
uc1.b249560	uc1.$b249560
uc1.b317857	uc1.$b317857
uc1.b245227	uc1.$b245227
uc1.b249518	uc1.$b249518
uc1.b248889	uc1.$b248889
uc1.b252133	uc1.$b252133
uc1.b249620	uc1.$b249620
uc1.b250119	uc1.$b250119
uc1.b251496	uc1.$b251496
uc1.b111391	uc1.$b111391
uc1.b248409	uc1.$b248409
uc1.b296422	uc1.$b296422
uc1.b302672	uc1.$b302672
uc1.b112777	uc1.$b112777
uc1.b250141	uc1.$b250141
uc1.b250226	uc1.$b250226
uc1.b249612	uc1.$b249612
uc1.b248223	uc1.$b248223
uc1.b250123	uc1.$b250123
uc1.b249239	uc1.$b249239
uc1.b251219	uc1.$b251219
uc1.b251222	uc1.$b251222
uc1.b249414	uc1.$b249414
uc1.b250089	uc1.$b250089
uc1.b193533	uc1.$b193533
uc1.b250588	uc1.$b250588
uc1.b189944	uc1.$b189944
uc1.b278752	uc1.$b278752
uc1.b112059	uc1.$b112059
uc1.b248388	uc1.$b248388
uc1.b248398	uc1.$b248398
uc1.b250404	uc1.$b250404
uc1.b249251	uc1.$b249251
uc1.b68595	uc1.$b68595
uc1.b242821	uc1.$b242821
uc1.b29200	uc1.$b29200
uc1.b299699	uc1.$b299699
uc1.b248487	uc1.$b248487
uc1.b244262	uc1.$b244262
uc1.b318657	uc1.$b318657
uc1.b248485	uc1.$b248485
uc1.b317915	uc1.$b317915
uc1.b536902	uc1.$b536902
uc1.b287373	uc1.$b287373
uc1.b798875	uc1.$b798875
uc1.b283531	uc1.$b283531
uc1.b288364	uc1.$b288364
uc1.b120435	uc1.$b120435
uc1.b325862	uc1.$b325862
uc1.b287357	uc1.$b287357
uc1.b112598	uc1.$b112598
uc1.b317866	uc1.$b317866
uc1.b112814	uc1.$b112814
uc1.b250575	uc1.$b250575
uc1.b112611	uc1.$b112611
uc1.b309384	uc1.$b309384
uc1.b254255	uc1.$b254255
uc1.b241660	uc1.$b241660
uc1.b325311	uc1.$b325311
uc1.b274985	uc1.$b274985
uc1.b112058	uc1.$b112058
uc1.b250569	uc1.$b250569
uc1.b111702	uc1.$b111702
uc1.b317842	uc1.$b317842
uc1.b81112	uc1.$b81112
uc1.b271263	uc1.$b271263
uc1.b112056	uc1.$b112056
uc1.b250568	uc1.$b250568
uc1.b297003	uc1.$b297003
uc1.b308293	uc1.$b308293
uc1.b261458	uc1.$b261458
uc1.b318016	uc1.$b318016
uc1.b162551	uc1.$b162551
uc1.b248930	uc1.$b248930
uc1.b248729	uc1.$b248729
uc1.b249744	uc1.$b249744
uc1.b285782	uc1.$b285782
uc1.b278371	uc1.$b278371
uc1.b81120	uc1.$b81120
uc1.b271495	uc1.$b271495
uc1.b296325	uc1.$b296325
uc1.b248197	uc1.$b248197
uc1.b614060	uc1.$b614060
uc1.b250254	uc1.$b250254
uc1.b614334	uc1.$b614334
uc1.b250120	uc1.$b250120
uc1.b215885	uc1.$b215885
uc1.b248110	uc1.$b248110
uc1.b252134	uc1.$b252134
uc1.b248179	uc1.$b248179
uc1.b306157	uc1.$b306157
uc1.b60307	uc1.$b60307
uc1.b296423	uc1.$b296423
uc1.b278736	uc1.$b278736
uc1.b60071	uc1.$b60071
uc1.b248358	uc1.$b248358
uc1.b111910	uc1.$b111910
uc1.b306900	uc1.$b306900
uc1.b182850	uc1.$b182850
uc1.b169793	uc1.$b169793
uc1.b250570	uc1.$b250570
uc1.b250388	uc1.$b250388
uc1.b288541	uc1.$b288541
uc1.b268634	uc1.$b268634
uc1.b249217	uc1.$b249217
uc1.b317994	uc1.$b317994
uc1.b250242	uc1.$b250242
uc1.b251206	uc1.$b251206
uc1.b287397	uc1.$b287397
uc1.b249687	uc1.$b249687
uc1.b251142	uc1.$b251142
uc1.b250177	uc1.$b250177
uc1.b259737	uc1.$b259737
uc1.b308316	uc1.$b308316
uc1.b254215	uc1.$b254215
uc1.b250566	uc1.$b250566
uc1.b556333	uc1.$b556333
uc1.b317854	uc1.$b317854
uc1.b248543	uc1.$b248543
uc1.b249238	uc1.$b249238
uc1.b277350	uc1.$b277350
uc1.b27390	uc1.$b27390
uc1.b288530	uc1.$b288530
uc1.b269192	uc1.$b269192
uc1.b112600	uc1.$b112600
uc1.b281967	uc1.$b281967
uc1.b248746	uc1.$b248746
uc1.b250112	uc1.$b250112
uc1.b249346	uc1.$b249346
uc1.b682853	uc1.$b682853
uc1.b41091	uc1.$b41091
uc1.b287358	uc1.$b287358
uc1.b242875	uc1.$b242875
uc1.b249884	uc1.$b249884
uc1.b152390	uc1.$b152390
uc1.b254253	uc1.$b254253
uc1.b250728	uc1.$b250728
uc1.b282024	uc1.$b282024
uc1.b278738	uc1.$b278738
uc1.b318198	uc1.$b318198
uc1.b250114	uc1.$b250114
uc1.b250243	uc1.$b250243
uc1.b318712	uc1.$b318712
uc1.b249522	uc1.$b249522
uc1.b316286	uc1.$b316286
uc1.b261455	uc1.$b261455
uc1.b254256	uc1.$b254256
uc1.b254259	uc1.$b254259
uc1.b156235	uc1.$b156235
uc1.b301038	uc1.$b301038
uc1.b248562	uc1.$b248562
uc1.b250940	uc1.$b250940
uc1.b186315	uc1.$b186315
uc1.b54689	uc1.$b54689
uc1.b249561	uc1.$b249561
uc1.b254245	uc1.$b254245
uc1.b248765	uc1.$b248765
uc1.b248896	uc1.$b248896
uc1.b111929	uc1.$b111929
uc1.b293095	uc1.$b293095
uc1.b31252	uc1.$b31252
uc1.b308298	uc1.$b308298
uc1.b320697	uc1.$b320697
uc1.b84447	uc1.$b84447
uc1.b254217	uc1.$b254217
uc1.b248893	uc1.$b248893
uc1.b250596	uc1.$b250596
uc1.b111389	uc1.$b111389
uc1.b285423	uc1.$b285423
uc1.b59273	uc1.$b59273
uc1.b250260	uc1.$b250260
uc1.b325790	uc1.$b325790
uc1.b282356	uc1.$b282356
uc1.b248373	uc1.$b248373
uc1.b308287	uc1.$b308287
uc1.b304321	uc1.$b304321
uc1.b248372	uc1.$b248372
uc1.b323549	uc1.$b323549
uc1.b215883	uc1.$b215883
uc1.b251207	uc1.$b251207
uc1.b70002	uc1.$b70002
uc1.b274602	uc1.$b274602
uc1.b250236	uc1.$b250236
uc1.b250100	uc1.$b250100
uc1.b52037	uc1.$b52037
uc1.b250135	uc1.$b250135
uc1.b325791	uc1.$b325791
uc1.b287351	uc1.$b287351
uc1.b275007	uc1.$b275007
uc1.b250090	uc1.$b250090
uc1.b248931	uc1.$b248931
uc1.b303173	uc1.$b303173
uc1.b249690	uc1.$b249690
uc1.b111700	uc1.$b111700
uc1.b312490	uc1.$b312490
uc1.b293840	uc1.$b293840
uc1.b317748	uc1.$b317748
uc1.b266932	uc1.$b266932
uc1.b254244	uc1.$b254244
uc1.b250589	uc1.$b250589
uc1.b248933	uc1.$b248933
uc1.b16067	uc1.$b16067
uc1.b248106	uc1.$b248106
uc1.b248743	uc1.$b248743
uc1.b261512	uc1.$b261512
uc1.b250213	uc1.$b250213
uc1.b49960	uc1.$b49960
uc1.b250186	uc1.$b250186
uc1.b316142	uc1.$b316142
uc1.b248086	uc1.$b248086
uc1.b248731	uc1.$b248731
uc1.b290987	uc1.$b290987
uc1.b249231	uc1.$b249231
uc1.b482691	uc1.$b482691
uc1.b250108	uc1.$b250108
uc1.b261423	uc1.$b261423
uc1.b254229	uc1.$b254229
uc1.b794562	uc1.$b794562
uc1.b249770	uc1.$b249770
uc1.b267688	uc1.$b267688
uc1.b248952	uc1.$b248952
uc1.b250136	uc1.$b250136
uc1.b309682	uc1.$b309682
uc1.b325863	uc1.$b325863
uc1.b248507	uc1.$b248507
uc1.b119856	uc1.$b119856
uc1.b248956	uc1.$b248956
uc1.b308297	uc1.$b308297
uc1.b307244	uc1.$b307244
uc1.b23370	uc1.$b23370
uc1.b249408	uc1.$b249408
uc1.b317987	uc1.$b317987
uc1.b248953	uc1.$b248953
uc1.b155988	uc1.$b155988
uc1.b250104	uc1.$b250104
uc1.b248781	uc1.$b248781
uc1.b298779	uc1.$b298779
uc1.b17109	uc1.$b17109
uc1.b250576	uc1.$b250576
uc1.b250110	uc1.$b250110
uc1.b74583	uc1.$b74583
uc1.b248044	uc1.$b248044
uc1.b249773	uc1.$b249773
uc1.b250594	uc1.$b250594
uc1.b248399	uc1.$b248399
uc1.b250241	uc1.$b250241
uc1.b27916	uc1.$b27916
uc1.b312651	uc1.$b312651
uc1.b282067	uc1.$b282067
uc1.b248453	uc1.$b248453
uc1.b278747	uc1.$b278747
uc1.b254247	uc1.$b254247
uc1.b303133	uc1.$b303133
uc1.b250092	uc1.$b250092
uc1.b278765	uc1.$b278765
uc1.b248748	uc1.$b248748
uc1.b184159	uc1.$b184159
uc1.b250172	uc1.$b250172
uc1.b248404	uc1.$b248404
uc1.b249752	uc1.$b249752
uc1.b251208	uc1.$b251208
uc1.b248568	uc1.$b248568
uc1.b248838	uc1.$b248838
uc1.b316098	uc1.$b316098
uc1.b248405	uc1.$b248405
uc1.b287479	uc1.$b287479
uc1.b254704	uc1.$b254704
uc1.b287474	uc1.$b287474
uc1.b249096	uc1.$b249096
uc1.b278733	uc1.$b278733
uc1.b249879	uc1.$b249879
uc1.b250201	uc1.$b250201
uc1.b135521	uc1.$b135521
uc1.b250233	uc1.$b250233
uc1.b295066	uc1.$b295066
uc1.b249871	uc1.$b249871
uc1.b271536	uc1.$b271536
uc1.b301771	uc1.$b301771
uc1.b278739	uc1.$b278739
uc1.b248486	uc1.$b248486
uc1.b316287	uc1.$b316287
uc1.b83375	uc1.$b83375
uc1.b253227	uc1.$b253227
uc1.b190471	uc1.$b190471
uc1.b243734	uc1.$b243734
uc1.b250091	uc1.$b250091
uc1.b112779	uc1.$b112779
uc1.b296184	uc1.$b296184
uc1.b309785	uc1.$b309785
uc1.b260334	uc1.$b260334
uc1.b250187	uc1.$b250187
uc1.b307791	uc1.$b307791
uc1.b250561	uc1.$b250561
uc1.b250238	uc1.$b250238
uc1.b120214	uc1.$b120214
uc1.b282021	uc1.$b282021
uc1.b299531	uc1.$b299531
uc1.b250125	uc1.$b250125
uc1.b250192	uc1.$b250192
uc1.b282257	uc1.$b282257
uc1.b248420	uc1.$b248420
uc1.b281117	uc1.$b281117
uc1.b291923	uc1.$b291923
uc1.b248815	uc1.$b248815
uc1.b249642	uc1.$b249642
uc1.b243468	uc1.$b243468
uc1.b281890	uc1.$b281890
uc1.b309782	uc1.$b309782
uc1.b248742	uc1.$b248742
uc1.b250234	uc1.$b250234
uc1.b299110	uc1.$b299110
uc1.b304770	uc1.$b304770
uc1.b254241	uc1.$b254241
uc1.b599089	uc1.$b599089
uc1.b249723	uc1.$b249723
uc1.b275088	uc1.$b275088
uc1.b249777	uc1.$b249777
uc1.b112020	uc1.$b112020
uc1.b261268	uc1.$b261268
uc1.b307245	uc1.$b307245
uc1.b256963	uc1.$b256963
uc1.b288528	uc1.$b288528
uc1.b299821	uc1.$b299821
uc1.b49961	uc1.$b49961
uc1.b287480	uc1.$b287480
uc1.b317991	uc1.$b317991
uc1.b60154	uc1.$b60154
uc1.b267794	uc1.$b267794
uc1.b183085	uc1.$b183085
uc1.b320791	uc1.$b320791
uc1.b250171	uc1.$b250171
uc1.b248830	uc1.$b248830
uc1.b261520	uc1.$b261520
uc1.b281899	uc1.$b281899
uc1.b111312	uc1.$b111312
uc1.b249885	uc1.$b249885
uc1.b254022	uc1.$b254022
uc1.b248946	uc1.$b248946
uc1.b275179	uc1.$b275179
uc1.b250214	uc1.$b250214
uc1.b9663	uc1.$b9663
uc1.b250595	uc1.$b250595
uc1.b258769	uc1.$b258769
uc1.b274964	uc1.$b274964
uc1.b250146	uc1.$b250146
uc1.b250235	uc1.$b250235
uc1.b320526	uc1.$b320526
uc1.b111394	uc1.$b111394
uc1.b250227	uc1.$b250227
uc1.b287477	uc1.$b287477
uc1.b254669	uc1.$b254669
uc1.b248377	uc1.$b248377
uc1.b250160	uc1.$b250160
uc1.b303976	uc1.$b303976
uc1.b266933	uc1.$b266933
uc1.b239489	uc1.$b239489
uc1.b683202	uc1.$b683202
uc1.b318289	uc1.$b318289
uc1.b250169	uc1.$b250169
uc1.b250383	uc1.$b250383
uc1.b278721	uc1.$b278721
uc1.b250216	uc1.$b250216
uc1.b111347	uc1.$b111347
uc1.b251258	uc1.$b251258
uc1.b182946	uc1.$b182946
uc1.b248546	uc1.$b248546
uc1.b287350	uc1.$b287350
uc1.b287411	uc1.$b287411
uc1.b261456	uc1.$b261456
uc1.b249533	uc1.$b249533
uc1.b251223	uc1.$b251223
uc1.b249880	uc1.$b249880
uc1.b308307	uc1.$b308307
uc1.b248575	uc1.$b248575
uc1.b317841	uc1.$b317841
uc1.b318714	uc1.$b318714
uc1.b249587	uc1.$b249587
uc1.b250099	uc1.$b250099
uc1.b17183	uc1.$b17183
uc1.b249233	uc1.$b249233
uc1.b291546	uc1.$b291546
uc1.b316298	uc1.$b316298
uc1.b682852	uc1.$b682852
uc1.b248413	uc1.$b248413
uc1.b288527	uc1.$b288527
uc1.b183740	uc1.$b183740
uc1.b157354	uc1.$b157354
uc1.b249229	uc1.$b249229
uc1.b156079	uc1.$b156079
uc1.b250138	uc1.$b250138
uc1.b250573	uc1.$b250573
uc1.b287800	uc1.$b287800
uc1.b275006	uc1.$b275006
uc1.b278751	uc1.$b278751
uc1.b254243	uc1.$b254243
uc1.b308324	uc1.$b308324
uc1.b308323	uc1.$b308323
uc1.b247329	uc1.$b247329
uc1.b254230	uc1.$b254230
uc1.b258469	uc1.$b258469
uc1.b250129	uc1.$b250129
uc1.b308315	uc1.$b308315
uc1.b251149	uc1.$b251149
uc1.b247330	uc1.$b247330
uc1.b317853	uc1.$b317853
uc1.b168820	uc1.$b168820
uc1.b249685	uc1.$b249685
uc1.b282002	uc1.$b282002
uc1.b112054	uc1.$b112054
uc1.b317921	uc1.$b317921
uc1.b250191	uc1.$b250191
uc1.b281880	uc1.$b281880
uc1.b60295	uc1.$b60295
uc1.b320552	uc1.$b320552
uc1.b249252	uc1.$b249252
uc1.b317344	uc1.$b317344
uc1.b317742	uc1.$b317742
uc1.b80699	uc1.$b80699
uc1.b248894	uc1.$b248894
uc1.b187327	uc1.$b187327
uc1.b248578	uc1.$b248578
uc1.b281892	uc1.$b281892
uc1.b182851	uc1.$b182851
uc1.b250101	uc1.$b250101
uc1.b248714	uc1.$b248714
uc1.b274982	uc1.$b274982
uc1.b250574	uc1.$b250574
uc1.b274976	uc1.$b274976
uc1.b305451	uc1.$b305451
uc1.b249876	uc1.$b249876
uc1.b250133	uc1.$b250133
uc1.b250374	uc1.$b250374
uc1.b111930	uc1.$b111930
uc1.b248825	uc1.$b248825
uc1.b308339	uc1.$b308339
uc1.b625170	uc1.$b625170
uc1.b287360	uc1.$b287360
uc1.b248384	uc1.$b248384
uc1.b251910	uc1.$b251910
uc1.b317877	uc1.$b317877
uc1.b275043	uc1.$b275043
uc1.b271393	uc1.$b271393
uc1.b798797	uc1.$b798797
uc1.b316097	uc1.$b316097
uc1.b251508	uc1.$b251508
uc1.b249644	uc1.$b249644
uc1.b248768	uc1.$b248768
uc1.b287418	uc1.$b287418
uc1.b250127	uc1.$b250127
uc1.b248558	uc1.$b248558
uc1.b248755	uc1.$b248755
uc1.b250152	uc1.$b250152
uc1.b165285	uc1.$b165285
uc1.b599010	uc1.$b599010
uc1.b248757	uc1.$b248757
uc1.b111905	uc1.$b111905
uc1.b287335	uc1.$b287335
uc1.b119843	uc1.$b119843
uc1.b249628	uc1.$b249628
uc1.b248495	uc1.$b248495
uc1.b253963	uc1.$b253963
uc1.b76978	uc1.$b76978
uc1.b287476	uc1.$b287476
uc1.b249526	uc1.$b249526
uc1.b250360	uc1.$b250360
uc1.b683123	uc1.$b683123
uc1.b304789	uc1.$b304789
uc1.b287423	uc1.$b287423
uc1.b285887	uc1.$b285887
uc1.b114404	uc1.$b114404
uc1.b318420	uc1.$b318420
uc1.b312633	uc1.$b312633
uc1.b183044	uc1.$b183044
uc1.b269202	uc1.$b269202
uc1.b599013	uc1.$b599013
uc1.b254236	uc1.$b254236
uc1.b250195	uc1.$b250195
uc1.b312614	uc1.$b312614
uc1.b250232	uc1.$b250232
uc1.b250115	uc1.$b250115
uc1.b111718	uc1.$b111718
uc1.b248098	uc1.$b248098
uc1.b297009	uc1.$b297009
uc1.b156386	uc1.$b156386
uc1.b308283	uc1.$b308283
uc1.b111725	uc1.$b111725
uc1.b248503	uc1.$b248503
uc1.b296433	uc1.$b296433
uc1.b296414	uc1.$b296414
uc1.b62380	uc1.$b62380
uc1.b254261	uc1.$b254261
uc1.b254269	uc1.$b254269
uc1.b254626	uc1.$b254626
uc1.b248780	uc1.$b248780
uc1.b112625	uc1.$b112625
uc1.b317874	uc1.$b317874
uc1.b272051	uc1.$b272051
uc1.b798802	uc1.$b798802
uc1.b300915	uc1.$b300915
uc1.b794561	uc1.$b794561
uc1.b316340	uc1.$b316340
uc1.b250185	uc1.$b250185
uc1.b248231	uc1.$b248231
uc1.b250262	uc1.$b250262
uc1.b73014	uc1.$b73014
uc1.b249618	uc1.$b249618
uc1.b798818	uc1.$b798818
uc1.b287799	uc1.$b287799
uc1.b615896	uc1.$b615896
uc1.b249764	uc1.$b249764
uc1.b111412	uc1.$b111412
uc1.b80747	uc1.$b80747
uc1.b250118	uc1.$b250118
uc1.b300281	uc1.$b300281
uc1.b248528	uc1.$b248528
uc1.b249490	uc1.$b249490
uc1.b248581	uc1.$b248581
uc1.b250153	uc1.$b250153
uc1.b248461	uc1.$b248461
uc1.b139802	uc1.$b139802
uc1.b248100	uc1.$b248100
uc1.b112239	uc1.$b112239
uc1.b274425	uc1.$b274425
uc1.b275180	uc1.$b275180
uc1.b250224	uc1.$b250224
uc1.b156183	uc1.$b156183
uc1.b266509	uc1.$b266509
uc1.b250173	uc1.$b250173
uc1.b70001	uc1.$b70001
uc1.b250220	uc1.$b250220
uc1.b250164	uc1.$b250164
uc1.b250727	uc1.$b250727
uc1.b244810	uc1.$b244810
uc1.b798900	uc1.$b798900
uc1.b251490	uc1.$b251490
uc1.b248232	uc1.$b248232
uc1.b249259	uc1.$b249259
uc1.b266487	uc1.$b266487
uc1.b182927	uc1.$b182927
uc1.b248943	uc1.$b248943
uc1.b248460	uc1.$b248460
uc1.b29311	uc1.$b29311
uc1.b555995	uc1.$b555995
uc1.b249276	uc1.$b249276
uc1.b306605	uc1.$b306605
uc1.b289974	uc1.$b289974
uc1.b117775	uc1.$b117775
uc1.b251248	uc1.$b251248
uc1.b249625	uc1.$b249625
uc1.b254258	uc1.$b254258
uc1.b182926	uc1.$b182926
uc1.b254260	uc1.$b254260
uc1.b271523	uc1.$b271523
uc1.b248569	uc1.$b248569
uc1.b798877	uc1.$b798877
uc1.b111723	uc1.$b111723
uc1.b61253	uc1.$b61253
uc1.b317679	uc1.$b317679
uc1.b248360	uc1.$b248360
uc1.b243629	uc1.$b243629
uc1.b76977	uc1.$b76977
uc1.b314669	uc1.$b314669
uc1.b81114	uc1.$b81114
uc1.b122176	uc1.$b122176
uc1.b308308	uc1.$b308308
uc1.b294957	uc1.$b294957
uc1.b249535	uc1.$b249535
uc1.b251218	uc1.$b251218
uc1.b111888	uc1.$b111888
uc1.b249261	uc1.$b249261
uc1.b245214	uc1.$b245214
uc1.b250251	uc1.$b250251
uc1.b250565	uc1.$b250565
uc1.b111764	uc1.$b111764
uc1.b260483	uc1.$b260483
uc1.b250239	uc1.$b250239
uc1.b248403	uc1.$b248403
uc1.b248242	uc1.$b248242
uc1.b250111	uc1.$b250111
uc1.b254246	uc1.$b254246
uc1.b112684	uc1.$b112684
uc1.b250162	uc1.$b250162
uc1.b282228	uc1.$b282228
uc1.b250199	uc1.$b250199
uc1.b266929	uc1.$b266929
uc1.b254240	uc1.$b254240
uc1.b165171	uc1.$b165171
uc1.b249621	uc1.$b249621
uc1.b320817	uc1.$b320817
uc1.b243707	uc1.$b243707
uc1.b261465	uc1.$b261465
uc1.b317864	uc1.$b317864
uc1.b249655	uc1.$b249655
uc1.b166366	uc1.$b166366
uc1.b275191	uc1.$b275191
uc1.b605675	uc1.$b605675
uc1.b316254	uc1.$b316254
uc1.b80604	uc1.$b80604
uc1.b248350	uc1.$b248350
uc1.b316146	uc1.$b316146
uc1.b58984	uc1.$b58984
uc1.b111392	uc1.$b111392
uc1.b111911	uc1.$b111911
uc1.b794362	uc1.$b794362
uc1.b70003	uc1.$b70003
uc1.b193534	uc1.$b193534
uc1.b23872	uc1.$b23872
uc1.b250206	uc1.$b250206
uc1.b112594	uc1.$b112594
uc1.b251173	uc1.$b251173
uc1.b248245	uc1.$b248245
uc1.b196170	uc1.$b196170
uc1.b254242	uc1.$b254242
uc1.b111409	uc1.$b111409
uc1.b249639	uc1.$b249639
uc1.b794619	uc1.$b794619
uc1.b60929	uc1.$b60929
uc1.b250176	uc1.$b250176
uc1.b248109	uc1.$b248109
uc1.b283537	uc1.$b283537
uc1.b248722	uc1.$b248722
uc1.b249658	uc1.$b249658
uc1.b248494	uc1.$b248494
uc1.b248445	uc1.$b248445
uc1.b277055	uc1.$b277055
uc1.b248052	uc1.$b248052
uc1.b249100	uc1.$b249100
uc1.b254213	uc1.$b254213
uc1.b69266	uc1.$b69266
uc1.b119834	uc1.$b119834
uc1.b317802	uc1.$b317802
uc1.b250252	uc1.$b250252
uc1.b250128	uc1.$b250128
uc1.b254668	uc1.$b254668
uc1.b610735	uc1.$b610735
uc1.b252309	uc1.$b252309
uc1.b248111	uc1.$b248111
uc1.b111893	uc1.$b111893
uc1.b250215	uc1.$b250215
uc1.b249240	uc1.$b249240
uc1.b111898	uc1.$b111898
uc1.b250131	uc1.$b250131
uc1.b135533	uc1.$b135533
uc1.b798874	uc1.$b798874
uc1.b250168	uc1.$b250168
uc1.b625168	uc1.$b625168
uc1.b250734	uc1.$b250734
uc1.b250580	uc1.$b250580
uc1.b248476	uc1.$b248476
uc1.b250581	uc1.$b250581
uc1.b60305	uc1.$b60305
uc1.b281918	uc1.$b281918
uc1.b250126	uc1.$b250126
uc1.b298813	uc1.$b298813
uc1.b250132	uc1.$b250132
uc1.b316522	uc1.$b316522
uc1.b250174	uc1.$b250174
uc1.b275121	uc1.$b275121
uc1.b275178	uc1.$b275178
uc1.b248954	uc1.$b248954
uc1.b249793	uc1.$b249793
uc1.b238499	uc1.$b238499
uc1.b275081	uc1.$b275081
uc1.b250109	uc1.$b250109
uc1.b282250	uc1.$b282250
uc1.b250223	uc1.$b250223
uc1.b249657	uc1.$b249657
