docid	allwords	stanfordwords
uiuo.ark+=13960=t8nc6b618	47092	1150
dul1.ark+=13960=t89g6ct7k	28584	659
dul1.ark+=13960=t4vh67297	79582	784
uiuo.ark+=13960=t2z32gn5j	53158	971
uva.x000099740	75960	1606
nyp.33433074911581	60092	972
njp.32101066459445	29826	585
uiuo.ark+=13960=t70v93r77	52087	1238
uiuo.ark+=13960=t6xw4rw1j	66492	1578
uiuo.ark+=13960=t3xs6cp6m	31811	716
mdp.39015063992492	68597	1500
uiuo.ark+=13960=t7np2rz8s	47766	861
nyp.33433074857875	91471	1829
mdp.39015063944352	65651	1372
uiuo.ark+=13960=t4qj7s022	45834	1177
nyp.33433074911557	61873	1292
nyp.33433075769749	97186	3555
nyp.33433074911573	57088	1098
hvd.32044086799087	138301	3649
uiuo.ark+=13960=t08w42g96	45984	1254
njp.32101037604772	37705	1124
uiuo.ark+=13960=t5h99gq2h	43893	1139
mdp.39015063947199	13053	346
nyp.33433075755250	153249	4928
uiuo.ark+=13960=t4pk1235x	57367	1410
njp.32101068167160	44897	987
uc2.ark+=13960=t3gx4dk9q	67932	1598
nyp.33433074910278	75303	1131
uiuo.ark+=13960=t5q81zv8g	65199	2067
mdp.39015000623663	97524	5781
mdp.39015065769393	40926	767
uiuo.ark+=13960=t2j67qh6b	60761	1211
uiuo.ark+=13960=t76t0xv5n	49801	959
uc2.ark+=13960=t7xk8888r	49333	1504
wu.89001048909	181498	8383
njp.32101068167186	47069	1242
mdp.39015014653201	32429	810
uiuo.ark+=13960=t6vx10k7w	33437	910
hvd.hwp4k1	74631	2817
mdp.39015027528697	46810	1420
njp.32101068163946	59828	1243
mdp.39015063931862	17893	563
uc1.32106007220202	194489	9071
hvd.hn2he5	37995	935
dul1.ark+=13960=t9f48pv82	31515	817
mdp.39015016424148	43121	865
uc1.b4104109	181753	5848
uiuo.ark+=13960=t56d67620	101076	1279
hvd.rsmd2m	165568	3536
mdp.39015016424155	44723	883
hvd.hn2tj4	63190	1706
uiuo.ark+=13960=t0bv7w31r	53263	1477
nyp.33433067303937	142696	3397
uiuo.ark+=13960=t4dn4t070	35366	688
uiuo.ark+=13960=t96692w8z	62086	1867
nnc1.1002268442	90933	1939
hvd.hxgeza	61737	1131
mdp.39015010783788	53538	1563
uiuo.ark+=13960=t1hh6st5v	51346	778
uiuo.ark+=13960=t13n2s72x	68768	1687
nyp.33433074938246	107428	2579
hvd.hwe3l9	52354	1390
nyp.33433075729800	38975	786
uiuo.ark+=13960=t71v65g7n	32190	784
uiuo.ark+=13960=t4bp0pp3k	34459	588
uiuo.ark+=13960=t3st87x1j	38388	645
nyp.33433074951652	49184	1548
uiuo.ark+=13960=t6pz5v56p	33873	1163
uiuo.ark+=13960=t3st83j7v	67953	2439
uc1.b4107900	42465	781
njp.32101038084727	52381	1255
uiuo.ark+=13960=t80k2wc85	62802	1198
njp.32101065863092	31789	964
njp.32101032329045	44117	835
uiuo.ark+=13960=t5v702v0c	32542	754
hvd.hwspyj	42436	1337
uiuo.ark+=13960=t7hq4g562	35464	1056
uiuo.ark+=13960=t8bg39w1x	46736	1165
uiuo.ark+=13960=t39z9w75s	43374	1235
uiuo.ark+=13960=t0jt09d3k	57531	1241
uc1.$b287480	22870	468
uiuo.ark+=13960=t2b85x205	42224	1091
hvd.hwkd81	124363	4010
uiuo.ark+=13960=t16m3wk0n	52409	1394
uiuo.ark+=13960=t5db8pd5f	53037	1339
uiuo.ark+=13960=t3417b08v	52321	1546
njp.32101065863100	26319	659
uiuo.ark+=13960=t6c25jh56	65286	1402
uiuo.ark+=13960=t3zs33v38	70736	1925
nnc1.1002356538	39977	1138
nnc1.1002356589	37510	1062
njp.32101030687576	103186	2310
uiuo.ark+=13960=t9c548401	67244	1480
uiuo.ark+=13960=t0gt67j4p	47961	1022
uc1.32106008763432	115392	2822
uiuo.ark+=13960=t4cn7rv19	30390	808
uiuo.ark+=13960=t1tf05388	50541	1063
nyp.33433075723134	115338	2465
uiuo.ark+=13960=t9p27jk9d	62129	1201
njp.32101066458470	36924	433
uc1.$b287479	65580	1652
uiuo.ark+=13960=t9s18j533	37466	952
njp.32101046807218	90807	2399
njp.32101007065988	63980	1544
uiuo.ark+=13960=t12n5mx4m	37678	1026
uiuo.ark+=13960=t3rv0x09k	43733	1138
uiuo.ark+=13960=t3xs68f29	36800	620
uiuo.ark+=13960=t6154xz35	46256	1106
uc1.32106019618427	110777	2996
njp.32101013133515	46481	812
njp.32101062933443	62159	941
nnc1.0315302644	34784	785
uiuo.ark+=13960=t1vd7jt2z	55758	1030
nyp.33433074865290	28683	651
nnc1.0315131394	42818	1512
uiuo.ark+=13960=t3qv4352q	61248	1229
nnc1.0315059251	13591	504
nyp.33433067379978	85545	1955
njp.32101068176427	39032	929
uiuo.ark+=13960=t6b28f15h	37870	597
mdp.39015031045266	48280	1210
uiuo.ark+=13960=t3514q38x	57523	998
uiuo.ark+=13960=t8hd8jz8v	58921	932
uiuo.ark+=13960=t08w43z30	44161	1507
nyp.33433076078843	215853	5927
uiuo.ark+=13960=t4th96q76	36330	951
inu.30000118294887	56646	2403
njp.32101067172963	130849	3607
uiuo.ark+=13960=t12n5t636	56960	1278
uiuo.ark+=13960=t2b85hw0z	39162	832
nnc1.0043378153	46009	1544
uiuo.ark+=13960=t79s2gq4b	52383	1028
uiuo.ark+=13960=t3jw8vm7c	72603	1568
nnc1.1002231824	41246	839
uiuo.ark+=13960=t86h4x71b	44785	664
uiuo.ark+=13960=t04x5pc89	53258	991
mdp.39015063561586	57056	1618
mdp.39015064003018	242082	7082
uiuo.ark+=13960=t10p1rt7k	52608	1032
uiuo.ark+=13960=t5k93g516	88703	2149
uiuo.ark+=13960=t80k2nk22	99374	2732
uiuo.ark+=13960=t2b85z60c	54486	1500
hvd.hwe3lv	122833	3639
uc1.b3326164	38873	750
hvd.hxk4l9	103289	3550
uiuo.ark+=13960=t3tt53x7z	65543	1588
mdp.39015012113810	98320	3248
uiuo.ark+=13960=t4xh05m31	98459	3853
uiuo.ark+=13960=t0ns18n38	79552	2107
uiuo.ark+=13960=t6xw5202g	68253	1895
uc1.b3123709	75701	2100
mdp.39015064002739	208673	5961
njp.32101038161665	79548	2190
mdp.39015063931243	83227	2014
uiuo.ark+=13960=t6155666f	57142	1153
uc1.$b278741	45305	1017
uc1.b3326165	35715	695
uiuo.ark+=13960=t76t15q92	60223	1619
uc1.b3325432	64360	1832
hvd.hn3n5s	264314	7395
uiuo.ark+=13960=t5w67451b	64382	1622
nyp.33433006539153	122478	5850
hvd.hn3n5m	210728	7076
nyp.33433082296157	29566	852
uc2.ark+=13960=t4qj7976b	19466	543
njp.32101067628865	33157	1139
njp.32101067630903	65417	1917
uiuo.ark+=13960=t9474s15t	62177	1371
nyp.33433066579420	79411	145
mdp.39015063526787	32550	1195
nyp.33433067303838	72927	3540
uiuo.ark+=13960=t2x35d69n	60589	2087
njp.32101068177243	83367	2276
mdp.39015028390121	126802	3613
uiuo.ark+=13960=t7zk5z02q	29524	938
uiuo.ark+=13960=t0cv5377g	62553	2530
nyp.33433081997516	263349	7369
nyp.33433074868237	70459	3233
uiuo.ark+=13960=t3hx1r852	81333	2402
uiuo.ark+=13960=t3bz6v35r	65381	1959
hvd.hwadaj	102818	3354
njp.32101067640787	65678	1727
uiuo.ark+=13960=t2k65383v	69631	2399
mdp.39015065444757	94508	2284
uiuo.ark+=13960=t5x642309	40378	849
njp.32101068163789	34762	755
uiuo.ark+=13960=t3dz0kv1q	56056	1771
uiuo.ark+=13960=t9474sr38	80897	2567
uiuo.ark+=13960=t8kd2530k	32270	781
uc1.$b254220	46991	1229
uiuo.ark+=13960=t75t4866z	67891	1697
njp.32101066591742	36124	1038
uiuo.ark+=13960=t0ht34n1h	48211	1108
uc2.ark+=13960=t1qf91q47	31539	710
uc2.ark+=13960=t3xs5q96f	76625	2510
uiuo.ark+=13960=t0ht2zr4v	49046	847
njp.32101067329647	45611	1007
hvd.32044020392411	66354	1706
uc1.32106019618609	61564	1612
njp.32101075728475	72251	2091
njp.32101065712935	215592	6079
mdp.39015063992641	70495	1633
njp.32101067708139	68410	2050
mdp.39015063976412	126746	6383
nyp.33433081995049	120507	3778
uiuo.ark+=13960=t9571t58n	109681	4062
nyp.33433074889829	140516	3301
njp.32101073308122	63878	1989
hvd.hn2rru	103490	3271
nyp.33433074855168	52175	1516
nyp.33433081996336	119175	3655
mdp.39015031453189	108036	3532
mdp.39015063938685	224758	5492
nyp.33433074915038	105905	3857
hvd.hn2hc5	50771	2174
njp.32101068169752	49054	1316
uiuo.ark+=13960=t8rb7f32m	44127	1318
uc2.ark+=13960=t2z31tt9g	64867	1315
njp.32101063579229	44755	1154
hvd.hnspmy	74047	2179
hvd.32044086802147	45023	1095
uiuo.ark+=13960=t3qv3sr65	57640	940
uiuo.ark+=13960=t58d0m350	71505	1995
hvd.32044080933450	98762	2386
nyp.33433067294755	99576	2043
hvd.hnp4pz	241230	5703
mdp.39015063573060	74935	2537
hvd.32044024346314	6409	192
nyp.33433067296644	565743	15955
uiuo.ark+=13960=t14m9t26n	71684	1723
uiuo.ark+=13960=t10p1qp5d	67626	1385
nyp.33433074881040	29406	581
njp.32101069165379	58594	1787
mdp.39015063916723	80738	3002
nyp.33433082352067	137729	2599
uiuo.ark+=13960=t08w41v7r	55976	1602
uiuo.ark+=13960=t5t73084p	82259	2851
hvd.32044086799046	44437	1180
hvd.hnn97y	82725	3128
hvd.32044086801834	63057	2472
nyp.33433061821587	82442	3794
mdp.39015064415188	76266	2905
uiuo.ark+=13960=t2m623v1p	60301	1571
nnc1.0036685208	59908	1659
uiuo.ark+=13960=t1bk20n9n	68695	1489
hvd.hwkd16	118029	3033
uc2.ark+=13960=t25b04r8q	77815	2460
uiuo.ark+=13960=t7sn0v67t	70465	2069
njp.32101066458140	84902	2745
uiuo.ark+=13960=t9j393d7p	91056	2311
nyp.33433082456348	66288	2977
njp.32101068163508	63204	1845
uiuo.ark+=13960=t5j96f67z	67893	1394
uiuo.ark+=13960=t00z7pq4q	46077	1795
dul1.ark+=13960=t7rn3x266	58346	2031
nyp.33433082296223	91444	3375
mdp.39015035550246	71818	2635
nyp.33433081595013	72549	2750
inu.32000004490787	124363	5357
nyp.33433075762652	62571	1992
uiuo.ark+=13960=t4sj1vq72	67870	1387
uiuo.ark+=13960=t06w9mr29	56698	1578
umn.31951002377644r	37928	1318
nyp.33433074868120	35028	904
uiuo.ark+=13960=t6sx6t75n	65790	2738
hvd.32044058243072	55047	1793
mdp.39015012363308	59933	1962
uc1.b3575554	52531	1362
nyp.33433074942685	24568	810
uiuo.ark+=13960=t6c25fv7d	70926	2513
nyp.33433067293880	215772	6363
uva.x000529713	235463	11471
nyp.33433082352042	147178	3119
uc1.$b358650	353553	10317
hvd.hwkagd	92127	3339
uc1.$b358655	381859	12752
mdp.39015058691026	92771	3888
mdp.39015062686400	57047	1096
nyp.33433074888862	97478	1986
nyp.33433075830962	68870	2517
uiuo.ark+=13960=t5h99sm6t	59503	1337
mdp.39015059376197	59600	1237
hvd.32044086801974	96388	3934
njp.32101074942507	71876	2046
uiuo.ark+=13960=t44q88r9x	66459	1486
inu.32000009648280	28896	993
uiuo.ark+=13960=t7qn6pk7b	68757	1706
nyp.33433076029788	76291	2662
nyp.33433074878236	25215	1057
mdp.39015062237170	195800	5626
uc1.$b305452	85261	3265
nyp.33433074940614	79102	3098
uiuo.ark+=13960=t4dn4qr64	65487	2505
nyp.33433075747141	87335	3517
hvd.hn5dn6	25798	831
uiuo.ark+=13960=t66408j7j	77277	3036
nnc1.cu58483284	62038	1692
uiuo.ark+=13960=t5j96rh1t	64092	1848
njp.32101064790742	66222	1665
nyp.33433074938121	114405	4365
hvd.32044090309790	57624	3125
uiuo.ark+=13960=t71v63h97	77176	2806
uc1.b3581552	71690	2582
mdp.39015071190998	57097	2997
njp.32101068165867	66968	2348
uiuo.ark+=13960=t85h81m7m	65718	2630
uc1.$b303173	50568	2930
uc2.ark+=13960=t6xw4dp26	212383	9622
uc2.ark+=13960=t2p55g671	72490	2082
njp.32101064794389	170857	6606
mdp.39015063617586	184676	5123
nyp.33433076072762	174380	5015
uc2.ark+=13960=t9z030p6z	77874	3537
nyp.33433076022676	70154	2316
uiuo.ark+=13960=t2697sc0d	148919	5043
njp.32101066459312	61064	2663
njp.32101020529507	230412	9763
uc2.ark+=13960=t7np1zc9r	74019	2569
wu.89099755175	47576	2391
njp.32101068154408	86545	4034
njp.32101066122126	63555	2417
njp.32101064791153	70534	2580
uc1.b3322471	74651	2019
hvd.32044088987615	32574	1077
uc2.ark+=13960=t3610x82j	57386	2575
hvd.hn1q45	90573	2423
hvd.hnnzq4	71903	1962
uiuo.ark+=13960=t8df7873r	70724	2371
nnc1.1000448850	57158	2274
hvd.32044004799219	222738	6498
uc2.ark+=13960=t3vt1hq0n	69391	2885
njp.32101064710914	55203	1705
uiuo.ark+=13960=t86h4zc21	56698	1574
wu.89098875719	27381	949
hvd.hnp18q	55411	1389
hvd.hnp4qx	62403	2455
uiuo.ark+=13960=t3vt2953t	70433	2069
njp.32101064710591	703581	24483
uiuo.ark+=13960=t0ms4c84w	56070	2031
uiuo.ark+=13960=t22b9d63x	57911	1085
uc2.ark+=13960=t3st7kz1r	75291	1681
hvd.hwjt4e	40662	1313
nyp.33433074878640	69545	3107
inu.32000000646036	184594	211
uc2.ark+=13960=t3707zj06	159417	5257
uiuo.ark+=13960=t9z03qj2x	59976	2166
uc2.ark+=13960=t74t6gp9m	61689	2754
nyp.33433076016843	205525	7524
uiuo.ark+=13960=t1jh3z86d	68757	2246
nyp.33433082207170	25381	1066
uiuo.ark+=13960=t6c25g95p	68863	2648
wu.89088299805	233902	9654
uiuo.ark+=13960=t5fb5pp94	72769	3146
uc1.b3123706	57606	3004
nyp.33433067303812	47073	1637
mdp.39015063925013	66277	1529
inu.30000112141985	201822	7751
nnc1.1002393476	52663	1364
uc2.ark+=13960=t37080958	43362	1890
nyp.33433074930110	137794	5744
nyp.33433074895958	144631	7085
nyp.33433076055486	767932	27446
nyp.33433076066939	46107	1153
uc2.ark+=13960=t53f4p02b	174645	8166
uc2.ark+=13960=t0ns0rq5j	51267	1944
uc2.ark+=13960=t01z43536	71979	2445
uiuo.ark+=13960=t75t49798	57506	2101
uiuo.ark+=13960=t5r790q9k	55081	2062
nyp.33433076074115	98942	1694
uc1.b3326031	151261	5781
uiuo.ark+=13960=t7zk5xb95	95911	4483
uc2.ark+=13960=t01z4419q	80943	2724
uc2.ark+=13960=t4mk67860	111631	4233
uc2.ark+=13960=t86h4dr3t	70042	3185
uc1.b3123724	101821	2794
uc2.ark+=13960=t7tm7472s	114230	4687
uiuo.ark+=13960=t4jm2s41m	71992	2585
loc.ark+=13960=t2891c06r	70369	4365
inu.30000020693762	95253	4574
uva.x030825524	151901	5759
nyp.33433074921101	197261	9098
uc2.ark+=13960=t5k933b88	77787	2923
nyp.33433082284054	57963	2371
uc2.ark+=13960=t3804z03n	164256	7845
uc2.ark+=13960=t2k64ct5x	54061	1944
uc2.ark+=13960=t4rj4ck98	59262	1723
nyp.33433076018294	103801	3798
uva.x030808559	6873	171
uiuo.ark+=13960=t0ms43c1g	66584	1554
uiuo.ark+=13960=t73v05w2z	75617	2595
njp.32101068176690	57498	1549
uc2.ark+=13960=t4zg6h95b	41022	1694
uiuo.ark+=13960=t86h5706q	90425	2642
nyp.33433074961859	45992	1586
nyp.33433076069602	42554	1656
uiuo.ark+=13960=t5bc4m870	89705	3555
uiuo.ark+=13960=t7cr65n7z	56884	1713
uiuo.ark+=13960=t6sx6xq74	88075	2943
uiuo.ark+=13960=t6c25js1v	88898	2431
uva.x001687872	141737	5836
uc2.ark+=13960=t08w38973	93703	3461
nnc1.cu50383493	145399	6326
nyp.33433075820146	172785	4472
uc1.$b358653	223911	6988
mdp.39015059417959	205478	9499
nyp.33433074969340	54886	2950
uiuo.ark+=13960=t12n5hx3w	60545	2793
nyp.33433074859897	80132	3882
njp.32101067630259	91547	2850
uc2.ark+=13960=t4pk08k78	158340	5116
uc2.ark+=13960=t43r0vq9h	115730	6373
nyp.33433075754642	63302	1508
njp.32101067628279	26952	1355
pst.000047317420	102760	5518
nyp.33433075760821	47027	1351
nyp.33433082288626	73565	3432
njp.32101063600819	59637	1538
uiuo.ark+=13960=t67375c09	60915	1798
uc2.ark+=13960=t1hh6mf0f	120715	3901
wu.89098017916	209359	7465
loc.ark+=13960=t3rv0tr58	58757	1290
nyp.33433074880802	185804	6856
uiuo.ark+=13960=t1jh3ts50	75718	2611
nnc1.0035531827	144533	5721
wu.89098856669	87298	3632
uiuo.ark+=13960=t8rb7pg9t	61596	2272
uiuo.ark+=13960=t6155734j	84541	2760
coo.31924013521764	88915	3677
uc1.$b807295	175890	6238
uiuo.ark+=13960=t2794hz6s	72963	2926
wu.89098006869	120760	4258
uiuo.ark+=13960=t8ff4942h	62458	2343
uc2.ark+=13960=t78s4tc10	67577	3743
uc2.ark+=13960=t5gb1z098	164212	8190
uva.x002177939	25213	983
nyp.33433074898986	82185	3099
nyp.33433074920608	58153	2301
hvd.hw28p3	129399	4711
uc2.ark+=13960=t45q4sn45	134499	5525
uc1.b4102448	116384	4427
inu.30000054117191	143211	4289
njp.32101067634244	61106	2502
nyp.33433082272711	288341	14575
uc2.ark+=13960=t16m39m6z	44293	1669
uc2.ark+=13960=t3nv9gf05	99078	6415
nyp.33433074851183	79637	3441
pst.000003824955	87911	4558
njp.32101064382763	92363	4810
uc2.ark+=13960=t78s4nw43	33710	1333
nyp.33433074942859	225413	6710
mdp.39015057226311	483754	16204
uc2.ark+=13960=t0pr7sq62	247149	9609
hvd.hw28p0	124823	5188
njp.32101068162740	137818	6335
uc2.ark+=13960=t7xk8n82d	341028	11802
uiuo.ark+=13960=t4wh36k87	79655	2619
nyp.33433082291505	202295	7330
mdp.39015058691281	114531	4881
uiuo.ark+=13960=t6rx9nf53	95775	3281
nyp.33433076022254	179388	7825
nyp.33433076021645	147071	9622
nyp.33433075765176	56055	2167
nyp.33433074859764	159724	8581
uc1.b3327249	292228	15551
nyp.33433082289871	37006	1649
uc1.$b70887	205392	7550
uiuo.ark+=13960=t9g450k2g	62712	2747
uc2.ark+=13960=t9x060k11	59248	2768
nyp.33433034411045	124781	6393
njp.32101013998008	58501	3778
uiuo.ark+=13960=t7sn0tn1b	62593	3533
nyp.33433074970546	134884	4529
nyp.33433008142220	148149	6859
njp.32101063604159	71052	3217
uc1.b3123809	66643	2005
njp.32101073308379	117463	2750
uc1.$b251166	198738	9878
uiuo.ark+=13960=t88g98r2v	59376	2337
uiuo.ark+=13960=t8tb1gj45	47472	2112
nyp.33433075754576	7991	333
uva.x030581128	91038	3986
njp.32101065704312	91150	4915
pst.000005762347	173837	7049
njp.32101067178937	243859	9832
nyp.33433074923354	36198	1232
uiuo.ark+=13960=t06w9mh7k	74671	2333
uiuo.ark+=13960=t8nc6mq2s	84086	3044
uiuo.ark+=13960=t54f2dt68	100978	4578
uiuo.ark+=13960=t07w70x4m	65291	2803
umn.31951002079955l	230132	8030
uc2.ark+=13960=t21c20786	62115	1632
uc1.32106011701288	437231	17747
uc2.ark+=13960=t78s4m942	123595	5613
mdp.39015057083993	109945	4884
nyp.33433074880000	32329	1081
uc1.$b521788	55684	3078
wu.89078230232	118204	6752
uc1.b3550071	174033	7053
uc2.ark+=13960=t6h12x81f	72350	2533
mdp.49015002138023	119143	5289
uc1.b4105552	216627	9446
uiuo.ark+=13960=t0bv8450f	59127	2029
nnc1.1002272601	77011	2931
nyp.33433076086028	70383	3117
nyp.33433075762322	205294	10356
uc2.ark+=13960=t9959md8w	33932	1505
uiuo.ark+=13960=t86h53j3s	56582	2170
uiuo.ark+=13960=t5q81xt36	76469	2708
uc1.$b809241	148598	7222
nyp.33433074952759	186827	8367
nyp.33433082170618	140226	5184
uc2.ark+=13960=t15m62k0j	120301	4851
nyp.33433076041908	139946	6567
njp.32101064914821	47336	1439
uc1.b3322408	186907	9059
uiuo.ark+=13960=t3hx1x46t	83508	3214
nyp.33433081938411	68345	2741
uiuo.ark+=13960=t3pv7527f	51017	2640
uiuo.ark+=13960=t8df78w8p	56093	2097
uc2.ark+=13960=t75t3k50z	218037	9392
uiuo.ark+=13960=t2697sn9b	53974	2326
uiuo.ark+=13960=t0dv1sx9g	93471	3868
uiuo.ark+=13960=t8cg02x3m	52224	1677
uiuo.ark+=13960=t1gj05f38	73851	2966
uc2.ark+=13960=t6445pw6s	71364	2494
uiuo.ark+=13960=t7qn6s33c	49758	1494
nyp.33433075752224	57571	3224
nyp.33433074867163	188654	7621
wu.89098017973	77764	3967
uva.x030736355	44342	1620
inu.30000007708815	243530	11134
njp.32101066457449	39497	1458
mdp.39015057087648	81940	5319
nyp.33433074871793	85258	3062
uc1.b3548053	191159	10745
uc1.31158005355168	69334	3675
uiuo.ark+=13960=t4gm8vk7t	81351	4570
uc2.ark+=13960=t81j9b246	169876	4686
uc1.b3324267	56555	2306
uc2.ark+=13960=t4dn41w6n	90264	3842
uiuo.ark+=13960=t1mg89134	91646	2670
mdp.39015024856281	175612	9081
uc2.ark+=13960=t31266s6k	89197	3677
njp.32101067630002	6880	200
inu.30000114553013	147666	6414
coo.31924052396912		
mdp.39015005086817	443661	25086
uc2.ark+=13960=t4cn71w4h	119313	6169
uc1.b4103604	95361	3302
nyp.33433082546916	119237	6719
uiuo.ark+=13960=t4rj4zg0m	91416	3774
loc.ark+=13960=t5k941c2c	117477	8021
mdp.39015024877857	95630	5333
uiuo.ark+=13960=t4nk41h3r	75379	3139
njp.32101066457704	77712	3023
uiuo.ark+=13960=t4kk9xr6c	55224	2182
uc2.ark+=13960=t8x922h56	34462	2195
uiuo.ark+=13960=t1ng57g58	67069	2913
uc2.ark+=13960=t6qz22x3r	126455	4933
nyp.33433074929476	108041	4459
uc1.b2796042	49401	1434
wu.89077140804	28398	1135
wu.89098860778	187755	7443
uiuo.ark+=13960=t8qc0hz1j	71683	3923
inu.39000000258256	72844	2605
uc2.ark+=13960=t6f18vg1z	84525	4488
uiuo.ark+=13960=t4zg7095h	50187	2628
uiuo.ark+=13960=t2c82nf0z	51625	2386
uiuo.ark+=13960=t50g4052q	52471	2305
uc2.ark+=13960=t1rf5tv88	125564	6422
nyp.33433081962080	40553	2413
nyp.33433075751754	172381	7897
uc1.$b809207	86847	4671
uiuo.ark+=13960=t02z1mj6z	74981	3436
wu.89097995674	69152	3927
nyp.33433076022163	147120	6991
uiuo.ark+=13960=t0ht3526q	72069	3570
uc2.ark+=13960=t16m33f86	206204	8874
njp.32101067630317	61903	3510
uc2.ark+=13960=t5s75cj3s	61394	2525
nyp.33433067292569	238781	8837
nyp.33433076018419	99516	4102
nyp.33433076025943	78681	2588
nyp.33433074867130	65636	3389
uc2.ark+=13960=t3bz66b13	45249	2490
uc2.ark+=13960=t39z95s4s	199494	8990
nyp.33433075739346	143570	6435
uc1.$b458168		
uiuo.ark+=13960=t6rx9x944	70474	3206
uc1.$b387308	281674	9187
njp.32101068177557	114929	5038
uiuo.ark+=13960=t1zc8fb6b	80177	2838
njp.32101067179109	80154	2588
uiuo.ark+=13960=t6sx6jk7s	38393	1136
nnc1.1002318440	131251	6175
uc2.ark+=13960=t37082q9d	49993	2278
mdp.39015010736349	72689	2184
uiuo.ark+=13960=t9q24gf51	106249	4626
nyp.33433074879259	202007	10393
nyp.33433074929765	209979	8547
uiuo.ark+=13960=t5z611x6q	49989	1514
njp.32101076479763	173124	8058
nyp.33433074889050	106907	3345
mdp.39015063587474	63061	2495
nyp.33433076073646	105657	4788
uiuo.ark+=13960=t2x354s13	89256	3264
uiuo.ark+=13960=t08w42q2z	57392	1875
uc2.ark+=13960=t02z13c32	184004	8604
wu.89098024177	91314	4289
uiuo.ark+=13960=t9571sn90	32873	1594
wu.89098868185	86427	4966
uiuo.ark+=13960=t6xw5180p	62412	4022
uiuo.ark+=13960=t25b0gf8t	34169	1589
uiuo.ark+=13960=t6k07mn67	62081	2494
uc2.ark+=13960=t2p55ds9s	27562	1203
nyp.33433074835400	121286	4214
njp.32101064789710	140474	8235
loc.ark+=13960=t2q534284	37260	1850
nyp.33433075852818	68732	2238
uiuo.ark+=13960=t10p1mf8g	53610	2042
uiuo.ark+=13960=t3611jj8v	73741	3564
uiuo.ark+=13960=t0gt62d3b	50427	2490
uc1.b3325304	93429	4468
mdp.39015071422854	43750	1904
mdp.39015063959723	56406	1998
nyp.33433076023427	131016	6296
mdp.39015063963816	107298	3842
uiuo.ark+=13960=t0tq6f05j	81566	3418
nyp.33433075769079	123124	4215
uc2.ark+=13960=t0vq2sk6k	74087	4115
uva.x030736396	42919	2075
njp.32101068175213	171115	7604
uiuo.ark+=13960=t83j40690	71999	2965
uc2.ark+=13960=t79s1sv30	58616	3136
nyp.33433082222088	640389	17345
uiuo.ark+=13960=t5t72p82m	74908	3711
njp.32101067178770	229059	8383
nyp.33433075843130	110020	5642
njp.32101067707255	240084	11197
uiuo.ark+=13960=t7kp88t2z	63704	1905
inu.32000006900023	46489	1903
loc.ark+=13960=t08w4945p	3260	137
nnc1.1002163250	101529	2318
inu.32000002882670	260090	11290
uc2.ark+=13960=t12n5208t	102809	4176
uiuo.ark+=13960=t63495d32	76388	2919
uiuo.ark+=13960=t49p3jr9j	56341	2063
nyp.33433084129984	92683	4337
uiuo.ark+=13960=t3611j83v	54803	2592
uc2.ark+=13960=t7zk58f5q	134375	5976
mdp.39015063955465	166562	8169
uva.x004828348	51646	2243
uc2.ark+=13960=t8tb19n0h	69877	4418
uc1.b3048114	270496	9923
uiuo.ark+=13960=t4sj2464k	67982	2660
uiuo.ark+=13960=t9c53x143	54463	2392
uiuo.ark+=13960=t8df77x6r	48622	1826
wu.89058111618	61908	2241
wu.89098877244	80999	4246
uiuo.ark+=13960=t9f47xn9c	47466	2232
nyp.33433075762306	94708	5625
njp.32101068168945	120517	5551
mdp.39015059433006	104974	4747
nyp.33433074837471	106517	3133
uiuo.ark+=13960=t7mp5kr2z	47394	1833
nyp.33433061753012	158437	8040
uc2.ark+=13960=t28911z65	119104	5867
uc2.ark+=13960=t71v5d644	163219	6051
uc1.b3336971	97811	5144
mdp.49015002157585	85960	4320
umn.31951p005426620	56825	2028
uiuo.ark+=13960=t2p567h62	65509	3456
uc2.ark+=13960=t7mp50w55	132777	5113
wu.89098878499	58527	2297
dul1.ark+=13960=t3zs3df24	107501	4424
uc2.ark+=13960=t7rn33f47	244317	10586
mdp.39015063542172	53373	1845
uiuo.ark+=13960=t58d0ck8t	51870	1938
njp.32101066459015	37355	1166
nnc1.1002204371	73919	3567
mdp.39015033419766	124951	4970
uiuo.ark+=13960=t08w42t7q	55115	2328
uc2.ark+=13960=t9m32qt03	69278	2609
mdp.39015033665715	73123	2848
uc2.ark+=13960=t2g739p3c	77831	4956
uc1.b3322034	44109	1969
njp.32101065835371	112894	4624
mdp.49015000940776	67785	3141
wu.89098013311	73515	2627
uiuo.ark+=13960=t04x5jz3v	55243	1938
loc.ark+=13960=t47p9gx27	66040	2484
nyp.33433075727960	119131	5984
uiuo.ark+=13960=t0jt08879	67856	3130
nc01.ark+=13960=t02z1vc0q	143069	5719
uiuo.ark+=13960=t70v8tn4r	60856	2870
uc2.ark+=13960=t7vm49d1s	170977	7313
uc1.b3325717	72092	3007
nyp.33433010974719	66063	4237
njp.32101068174737	71231	3970
uc2.ark+=13960=t0tq61j48	70023	3903
uiuo.ark+=13960=t8tb1rt9g	49066	2741
uc1.b4713439	156850	5716
uc2.ark+=13960=t5w669r43	140349	6963
uc2.ark+=13960=t24b2zs6k	126066	5451
uc2.ark+=13960=t06w98k3d	68965	4770
njp.32101067644748	59296	2268
uc1.b3579101	257721	11141
uc2.ark+=13960=t2b854867	17297	1011
uc1.b4102976	77947	3171
uc2.ark+=13960=t3nv9cb9x	46051	2694
uc1.b3561869	112365	6669
mdp.39015005354504	110125	5802
mdp.39015067153810	123028	4757
njp.32101067630218	59510	2161
uiuo.ark+=13960=t6n01hh52	41266	1605
nyp.33433074902408	38571	1573
uc1.b3327330	48274	1710
uiuo.ark+=13960=t40s0339r	62629	2748
uiuo.ark+=13960=t1gj04449	80137	2886
nyp.33433006216364	163655	9726
uc2.ark+=13960=t5n874t8r	151279	5223
uiuo.ark+=13960=t86h55c3c	60643	2224
uc1.31822027130145	113345	5941
njp.32101065603001	57502	1917
uiuo.ark+=13960=t10p1n63b	55459	2476
coo.31924013204718	66336	2829
nc01.ark+=13960=t89g6fd33	142010	7282
coo.31924013452887	57485	2843
nyp.33433075818439	66932	2609
nyp.33433076045297	141212	7228
nyp.33433076067085	43557	2268
nyp.33433075765663	60157	2875
mdp.39015063961513	89207	3726
uiuo.ark+=13960=t9m333839	51217	2065
uc1.$b251508	146557	8459
uc2.ark+=13960=t9t14wd16	55909	2645
wu.89104490842	137088	6036
coo.31924013487735	68330	4049
nyp.33433075861835	44671	2490
uiuo.ark+=13960=t3bz6g32r	97699	4260
uc2.ark+=13960=t58c9t94r	101386	4084
uc1.b4104577	67446	4011
uc2.ark+=13960=t5cc0zr38	55424	3091
nyp.33433076074990	38538	2212
nyp.33433074929849	59629	2963
uva.x004391567	58055	2597
uc1.b3336986	162091	7780
nyp.33433075786222	80603	5376
uiuo.ark+=13960=t1pg28m9k	40051	2613
uc2.ark+=13960=t0pr7mx0s	70819	3670
uc2.ark+=13960=t9k35nx3w	91635	4052
njp.32101062729072	38680	2542
uc2.ark+=13960=t74t6mg3p	19878	1090
uc2.ark+=13960=t31261n0t	158681	8068
nyp.33433076087182	147290	8106
uc1.b3325125	78139	3665
nyp.33433088072370	43303	2477
uc1.b4105315	63885	3362
mdp.39015063923570	127622	5515
uc2.ark+=13960=t51g0v51c	135853	6371
nyp.33433034410963	174628	8095
nyp.33433084128879	67140	2894
nyp.33433075861728	110801	4671
nyp.33433074870399	53334	2185
uiuo.ark+=13960=t3cz3vq12	49968	1444
mdp.39015063945680	111843	5197
uiuo.ark+=13960=t13n2j187	51693	1986
uc1.$b317729	92932	3266
mdp.39015031309894	82090	4030
uc2.ark+=13960=t9959jh4g	125045	4681
mdp.39015019723181	66790	4179
uc1.$b119856	38869	2176
nyp.33433076090517	79871	6060
uc2.ark+=13960=fk6639kj41	105143	5993
mdp.39015025926380	25695	1601
nyp.33433076051964	68863	3692
uc2.ark+=13960=t3513vb6c	76400	3421
uc2.ark+=13960=t53f4n79f	57526	3322
nyp.33433074968391	49746	2722
uc2.ark+=13960=t7dr2r26p	46834	2383
nyp.33433076061971	72679	3075
nyp.33433074871272	35509	1868
uc1.$b112594	181008	7837
uva.x001085974	58235	2883
uc1.b4102275	176165	9788
nyp.33433074848452	67729	3348
uva.x004385162	87636	4367
wu.89098012545	68047	3876
nyp.33433076082019	61108	4261
uc2.ark+=13960=t9j38mf0k	106154	6241
uc2.ark+=13960=t3hx16445	121266	5559
uva.x000664921	106594	5481
uc1.$b287373	76176	5317
mdp.39015039513158	48867	2714
inu.32000009261134	155278	10364
uc1.$b112814	152939	5534
nnc1.1002249626	48702	3508
mdp.39015073480777	167642	7372
uc2.ark+=13960=t87h1f980	42895	1734
nyp.33433074870720	61033	4552
uc2.ark+=13960=t3bz61h8n	151160	6824
mdp.39015060438713	62086	2857
uc2.ark+=13960=t2697641q	137138	6771
nyp.33433074855069	86227	4651
nyp.33433075751945	198295	9298
uc2.ark+=13960=t3dz04t5t	109575	4442
njp.32101066458215	260663	10845
nyp.33433074871561	46728	2805
mdp.39015062996734	119838	6511
nyp.33433074862370	78283	4865
njp.32101066164730	85823	4551
uc2.ark+=13960=t3vt1jg1d	77926	4266
uc2.ark+=13960=t7pn8xw86	185859	9243
uc2.ark+=13960=t8kd1s16n	45033	2305
nyp.33433074959820	88880	4234
uc2.ark+=13960=fk3nv99f7f	14548	918
uva.x030788093	70246	2385
uc2.ark+=13960=t7dr2q88x	56084	3653
uc2.ark+=13960=t4hm57h5p	140790	5155
uc2.ark+=13960=t1rf5n23g	114290	6408
uc1.$b299821	72184	3171
nnc1.1002185504	92666	4540
uc2.ark+=13960=t8w952218	63687	4463
uc2.ark+=13960=t7cr5nx2j	12153	861
uva.x002122780	93696	5808
uc2.ark+=13960=t93778s3b	77781	3100
nyp.33433081852992	119103	7412
mdp.39015063933249	102358	6334
uc1.b4218035	54663	2483
uc1.b3810812	31134	1972
uc2.ark+=13960=t1ng4h02g	95317	3892
uva.x030788126	63141	2580
nyp.33433075968358	66309	2436
nyp.33433074812458	90479	6174
uc2.ark+=13960=t2m61cq1t	46514	1992
nc01.ark+=13960=t9z034v7b	79865	4670
uc1.b3561913	76753	4549
nc01.ark+=13960=t2x35sr01	76037	3132
uc2.ark+=13960=t2891f63t	53862	2415
uc2.ark+=13960=t9t14xh4d	47631	2374
nyp.33433074958525	9784	352
nyp.33433074866561	116107	5334
dul1.ark+=13960=t9g45ch9h	87194	6049
nyp.33433074873286	125062	6995
nyp.33433074852835	91723	3410
wu.89099752115	186414	10150
nyp.33433076021819	84556	4549
uc1.b3548269	140350	6289
nyp.33433082128475	368773	16258
uc2.ark+=13960=t6nz8711v	115774	5906
nyp.33433074939418	119815	4908
uc2.ark+=13960=t2r49ht5b	95285	3661
uc2.ark+=13960=t9862cj28	64948	2151
nyp.33433076059850	86811	4668
uc2.ark+=13960=t56d5rj0b	123957	7615
nc01.ark+=13960=t0bv8m80k	57448	4126
nyp.33433074929682	119175	5789
nyp.33433074863162	44672	1966
uc2.ark+=13960=t9p26xq9c	33836	2783
uc2.ark+=13960=t3ws8jc3n	9936	539
nyp.33433076046840	44563	2260
uc2.ark+=13960=t4zg6j18m	80118	5175
uc2.ark+=13960=t2794284g	76858	3516
nyp.33433074879515	129758	6569
loc.ark+=13960=t9q24h56b	38766	1990
nyp.33433043248826	63691	4875
wu.89094712767	60136	2902
uc2.ark+=13960=t6zw1ck14	95699	5037
mdp.39015030709128	157903	8944
nyp.33433076084478	142938	6589
uc2.ark+=13960=t7dr2sh01	122213	6252
mdp.39015063964053	137596	7074
uva.x000607926	61091	4117
uc1.b3157680	60957	3718
mdp.39015049744967	184462	12943
uc2.ark+=13960=t1sf2qf1f	64751	3719
uva.x001850551	57905	3101
loc.ark+=13960=t4wh36v99	32996	1735
njp.32101062081037	64744	2923
mdp.49015000587163	195139	12437
mdp.39015011955427	39993	2819
mdp.39076002790082	67679	3825
uc2.ark+=13960=t0ht2hx56	113496	4911
uc2.ark+=13960=t4rj4bm6v	149844	7052
nyp.33433082345905	67407	3082
uc2.ark+=13960=t74t6hp34	8954	372
mdp.39076002154875	22772	1133
uc2.ark+=13960=t56d5t850	55622	2997
nyp.33433076073802	77058	3397
nyp.33433076059728	84340	5519
nyp.33433082529482	63493	3770
nyp.33433076038847	87297	6445
nyp.33433082171160	46630	3251
nyp.33433074846431	110820	4929
nyp.33433074851936	78148	4943
uc2.ark+=13960=t4pk09h5t	206316	11747
mdp.39015008526686	125739	7290
nyp.33433076069917	77422	4240
wu.89099755571	88255	5692
uc2.ark+=13960=t1kh0h31j	44484	2224
uc1.b4095559	118740	8103
nyp.33433082486014	79154	4721
uc2.ark+=13960=t6g15w87r	76201	3126
uc2.ark+=13960=t6n011r00	81473	6244
uc2.ark+=13960=t4rj4988x	62733	4131
uc2.ark+=13960=t9r20td03	45218	2226
uc2.ark+=13960=t1ng4gw8m	104534	6219
nyp.33433074880901	123339	6132
nyp.33433074864434	57058	3224
uc1.b3550106	47335	2884
nyp.33433074856836	84146	4452
mdp.39015031311270	82454	3995
pst.000029585403	106269	7173
uc2.ark+=13960=t48p5x45j	92052	7313
mdp.39015063914355	93533	3941
mdp.39015019187809	41628	3122
uc2.ark+=13960=t6n011p3j	111874	5497
uc1.$b103181	112440	9737
njp.32101076515384	29973	1889
nyp.33433074843255	134879	8279
mdp.39015006955945	53811	3381
mdp.39015004990050	58298	3927
nc01.ark+=13960=t1gj09x17	134606	6485
nyp.33433076068067	83592	6382
mdp.39015071555471	96770	5620
umn.319510020851165	91124	5409
mdp.39015030706777	145466	6753
uc1.b4089070	90597	5809
umn.31951002096061t	169569	7520
uc1.32106002093380	235975	11916
mdp.39076002656721	21496	1788
uc2.ark+=13960=t8hd7pj59	66528	4287
mdp.39015062378909	65033	4873
mdp.39015059376718	109087	6686
uc1.$b318317	59487	3780
loc.ark+=13960=t2d805x4x	9437	575
uc2.ark+=13960=t5h98zs4s	87289	6846
uc2.ark+=13960=t9p26r397	63268	6329
uc2.ark+=13960=t7wm18884	18096	780
uc2.ark+=13960=t7pn92073	146323	11139
wu.89015458359	96198	3804
mdp.39015063963261	81829	4949
mdp.39015003680504	37340	2517
mdp.39015003940841	94036	3652
mdp.39015063524527	11252	815
osu.32435052534187	129000	7004
osu.32435060262698	15006	863
uc1.32106001996534	133119	8586
uc1.32106014453721	201039	9908
inu.30000041676812	88494	4391
uc1.$b312370	97087	4794
uc1.b3688262	61268	4435
uc1.$b244956	76979	3940
pst.000005343812	39402	1779
mdp.39015048903887	65116	4504
uc1.$b56342	149870	6024
uc1.$b244080	81190	6521
uc1.b3727197	110332	7205
mdp.39015030017753	135607	9988
uc1.$b300302	61886	4590
uc1.$b63774	105893	7525
mdp.39015024863584	15281	1066
uc1.$b298877	201678	13719
uc1.$b102148	9597	378
uc1.$b243356	108494	6105
uc1.b3148398	75759	3479
uc1.b3688202	59215	3643
uc1.$b244502	138136	8567
mdp.39076001126809	81739	3879
mdp.39015001153629	84190	4121
mdp.39015030727955	117729	6467
mdp.39015059423916	86831	5087
osu.32435000204768	90875	3880
pst.000003895573	170698	7975
uc1.$b243695	21755	1717
pst.000015218490	82108	3987
mdp.39015002753161	64721	3860
mdp.39015066058044	120145	6838
umn.319510020490650	130589	9571
mdp.39015016441019	166085	8311
mdp.39015063945649	62851	2946
pst.000005340675	82721	3922
mdp.39015024390315	122348	8701
pst.000005343997	106589	6074
mdp.39015030717576	84781	5348
osu.32435000824573	99700	6113
uc1.32106013300873	117643	7729
mdp.39015059418353	80969	5470
uc1.b3727928	103375	5671
osu.32435052543055	100392	5448
uc1.$b164461	72987	5805
pst.000017853996	145029	10339
uc1.$b662534	167216	8614
inu.39000005640151	103178	3319
uc1.$b56306	140763	6382
coo.31924014518355	472858	25588
uc1.b4091099	82596	6106
mdp.39015073446323	134849	9423
mdp.39015003740944	636865	37312
mdp.39015008571294	118488	4288
mdp.39015063945508	151155	7726
uc1.b3796907	166175	8851
uc1.$b323501	80409	4360
uc1.$b267544	38680	3949
uc1.$b56309	145237	9238
uc1.$b74561	134250	6550
mdp.39015063959889	92015	6990
mdp.39015063942786	73969	3962
mdp.39015002243486	111350	7856
mdp.39015001802845	27613	1428
uc1.$b104986	155242	9446
mdp.39015056687810	182995	11458
uc1.$b56302	79372	5266
mdp.39015063540085	54484	3595
uc1.$b323021	89351	7673
uc1.b4411178	173210	11609
mdp.39015063918133	92621	4819
uc1.$b56750	97709	7381
uc1.$b87010	95600	4094
mdp.39076006767078	142686	5831
uc1.$b312815	222186	18405
uc1.$b56745	124914	5566
mdp.39015048899929	103706	5495
umn.31951002096310y	108695	7273
mdp.39015008521307	249979	13775
uc1.$b87086	132611	10065
pst.000027248546	308729	17143
uc1.b4281548	87964	3828
uc1.b3810814	143910	9043
mdp.39076005051995	27741	2320
uc1.$b473613	84661	4255
uc1.$b111806	111682	6853
osu.32435066780131	65647	4294
uc1.$b56572	290535	20580
umn.31951002079614b	81530	5628
osu.32435066781501	74119	3530
uc1.$b57011	92678	5720
uc1.$b63869	61162	5392
uc1.$b117324	87213	5992
uc1.b3116810	82943	4577
uc1.$b105427	116989	5492
mdp.39015039379998	60581	4210
uc1.b3116636	77975	3651
uc1.$b57088	174742	9849
wu.89100334630	129044	6950
uc1.$b87216	254783	14327
uc1.$b300883	71424	5753
mdp.39015014299690	67094	3509
uc1.$b318498	70059	5323
uc1.b4098786	65701	4905
uc1.$b181891	9030	685
uc1.$b63994	99455	4004
mdp.39015000550437	143375	5666
mdp.39015059771025	39837	3271
wu.89092952837	75068	6261
uc1.$b242892	131415	9038
inu.30000121037224	75542	4911
wu.89098987142	52699	1906
mdp.39015031228573	114483	7127
uc1.$b56441	143039	9766
mdp.39015033010151	82910	5430
inu.32000014442067	64125	3175
mdp.39015000550791	112474	4749
uc1.b4368241	370449	15254
uc1.b3545567	192405	14507
nyp.33433106908175	162786	10530
mdp.39015019374266	63727	3775
mdp.39015028364696	262272	15616
uc1.$b301045	89011	5235
umn.31951002102922y	67326	4193
mdp.39015059389943	148988	8721
mdp.39015021714012	79625	4106
uc1.$b106417	133996	6994
uc1.$b259847	46911	2320
uc1.$b87044	127891	5415
uc1.$b101743	159743	8791
mdp.39015030741972	128949	7711
mdp.39076002244478	21100	1437
mdp.39076002196686	43039	2028
mdp.39015008631494	167714	9777
mdp.49015002389782	123086	7901
uc1.b4220529	116987	8163
mdp.39015048717410	82797	5620
mdp.39015030618444	35174	2240
uc1.b3346167	78364	7056
uc1.$b87003	210427	15042
uc1.$b56970	133273	9688
uc1.$b63779	94563	5561
uc1.32106002149000	47030	2705
mdp.39015035319808	244010	11572
mdp.39015063522307	51136	2546
wu.89099916918	70566	3468
uc1.$b243771	17246	1113
uc1.$b103840	190104	7127
uc1.$b85964	150427	7390
miun.aje0708.0011.001	78228	4039
osu.32435004561866	127673	5224
mdp.39015030727245	75469	6095
uc1.$b104405	93883	6473
uc1.$b136780	65379	6997
inu.39000002943509	59437	1694
uc1.b3687408	158639	13070
uc1.$b105918	112640	8700
mdp.39015005607828	152523	7971
pst.000022698933	180775	12594
uc1.$b116695	104486	8064
uc1.b4411111	94026	6910
uc1.$b254058	165659	9423
mdp.39015003345900	84958	5276
mdp.39015006571692	110275	6289
uc1.$b101946	240225	17135
uc1.$b104884	129458	9074
uc1.$b86997	196812	10914
uc1.$b101592	138100	12813
mdp.39015016732102	140149	7242
mdp.39015002725656	173662	11568
mdp.39015000540933	79959	7835
uc1.32106005499782	320969	21400
uc1.$b104509	51501	3214
uc1.$b102210	66799	3692
mdp.39015020072008	44881	3212
mdp.39015014859345	147045	7193
mdp.39076002598642	76381	4966
mdp.49015001400168	43950	3145
uc1.$b236200	95135	6356
uc1.$b322954	96065	4410
mdp.39015031325965	83701	3449
mdp.39076002560766	98288	7917
uc1.$b63289	129833	7019
mdp.39015071202348	85348	5514
mdp.39015000545643	107331	5767
uc1.$b103842	148307	8304
mdp.39015051324393	63720	5020
uc1.$b286513	147006	8783
uc1.b3687202	122626	6152
uc1.$b787142	77086	4637
mdp.39015030700747	121131	5736
uc1.$b245304	88192	7104
mdp.39015037837096	86134	5149
mdp.39015016450325	80540	5037
mdp.39015016452453	104639	7506
mdp.39015002288721	87018	4348
mdp.39015014137262	97403	5946
uc1.$b787098	82852	4534
umn.31951002081816x	106213	6189
mdp.39015029573493	251179	9403
uc1.$b105875	141562	12033
uc1.$b162834	74745	5858
uc1.$b105956	148340	9397
mdp.49015001330217	247892	15296
osu.32435017977026	100720	7284
pst.000021382758	212399	11736
mdp.39015016414438	151218	6244
mdp.39015005665032	83300	2180
inu.32000003474824	154278	8422
uc1.b3861627	102298	8138
mdp.39015002742560	109944	7470
mdp.39076002365786	68986	3840
mdp.39015014138930	64670	4441
uc1.b4393863	108289	5173
mdp.39015016867254	92654	6135
mdp.39015016450176	106227	8213
uc1.$b101980	64734	7310
uc1.$b105597	136613	8180
mdp.39015024757794	30091	1455
mdp.39015053616655	191837	11562
pst.000027630617	93254	5085
mdp.39015014138690	123253	6843
inu.39000005830067	33374	2233
pst.000005752546	145491	7968
pst.000045753022	403013	28259
mdp.39015042099278	94153	5798
uc1.$b242644	116614	5312
mdp.39015050558405	99025	4536
mdp.39015010757964	93337	7647
uc1.b3835558	91379	8415
pst.000063969283	54730	3466
mdp.39015048890522	126460	8794
uc1.32106014453283	328148	21391
mdp.39015029146803	125588	5740
umn.31951002038955e	100501	4449
mdp.39015003676734	67034	3605
mdp.39015006565108	34416	2491
uc1.b4954595	85811	5724
uc1.32106019128773	99867	8280
mdp.39015000576945	67175	3964
uc1.b4358712	87105	5428
uc1.$b106327	195661	15722
mdp.39015014860459	91132	8175
mdp.39015030705837	98120	6183
uc1.$b115288	151787	7644
uc1.$b111291	37950	3050
uc1.32106010377890	112104	6334
mdp.39015010370453	103840	6597
mdp.39015016757166	118765	8435
mdp.39015008247424	61112	3208
uc1.$b252040	117799	7211
mdp.39015005003499	87188	5559
uc1.$b404102	124606	8742
uc1.b4588945	66622	4959
uc1.b4439664	56026	3911
uc1.$b800550	108115	10106
uc1.$b474117	71071	5694
uc1.$b451271		
pst.000027670989	119368	8039
mdp.39015016450259	72832	3422
mdp.39015053774322	83077	4291
mdp.39015023989935	54770	3182
uc1.b3347055	82410	4013
uc1.b4396391	98044	4825
uc1.$b120129	90942	8280
uc1.$b146870	88222	4828
uc1.$b803226	65793	3935
uc1.$b470336	83133	5427
mdp.39015001980435	60308	3691
mdp.39015000219561	142719	6572
uc1.b3688166	139791	11329
mdp.39015011560284	35297	1984
mdp.39015010682279	129395	7437
mdp.39015003350058	52504	4041
mdp.39015058727135	158194	8560
mdp.39015061469394	62026	4732
uc1.b3435555	93083	4578
uc1.32106019239273	75275	4629
mdp.39015043798431	57339	4642
mdp.39015031308128	70277	4122
uc1.b3435563	107795	7718
mdp.39015031242285	73281	6137
inu.39000003617599	54394	2695
mdp.39015000627490	62042	4598
inu.30000007259918	89830	8223
mdp.39015024077201	81378	4471
pst.000003856628	31485	1844
uc1.b4462499	154485	12850
mdp.39015030763281	87401	4994
uc1.b4353938	194155	13184
mdp.39015005593879	43320	2649
mdp.39015066677785	130910	8428
uc1.$b497750	80161	5816
mdp.39015019966160	170780	11366
pst.000002675138	104638	6164
mdp.39015008839428	30049	2057
uc1.b4463842	72506	4109
mdp.39015000544919	108242	8934
pst.000012691623	63124	6132
uc1.32106002176599	67722	3699
mdp.39015032394960	93322	5258
uc1.32106002189600	27331	2102
mdp.39015047597136	95660	5668
inu.32000009559560	82904	4328
mdp.39015000235500	68955	3657
mdp.39015048891959	296653	19508
mdp.39015025820856	95588	6168
mdp.39015005729267	44531	2368
mdp.39015002652405	84323	4817
pst.000020477523	106926	8598
mdp.39015011559971	71631	4035
mdp.39015030699642	97425	5580
mdp.39015018978778	86665	5021
mdp.39015013100972	84873	5576
mdp.39015030743572	104392	8359
mdp.39015003344325	79672	1948
pst.000021202162	232573	14267
inu.39000005757583	50555	2902
inu.39000000277678	45040	2762
mdp.39015046394428	88044	8402
mdp.39015008687637	84170	4841
uc1.b4363708	86644	5797
mdp.39015019851974	109767	7361
mdp.39015008606157	114739	7123
uc1.b4451101	125533	9047
inu.39000001595003	127015	8211
uc1.b4948945	100876	4712
mdp.39015002705260	76756	4893
uc1.b4446335	92699	5469
uc1.b4362506	145439	13137
uiuo.ark+=13960=t1kh1680z	78180	2764
uc1.32106007586479	37034	2397
uc1.b4951630	84841	5954
mdp.39015011514570	288119	20159
uc1.b3773955	106844	6156
uc1.b3464943	97840	6522
mdp.39015063965886	83685	6402
uc1.32106009578474	59807	2454
uc1.32106007793463	104163	4048
uc1.32106005205981	88559	5469
uc1.32106006839267	85282	4542
mdp.39015040642939	71150	4081
inu.30000124732995	74604	3515
mdp.39015042010309	60802	5183
uc1.b4350583	108263	6055
mdp.39015014158185	77351	5954
mdp.39015014169653	139536	8563
uc1.b4449524	138143	10272
mdp.39015013470565	59330	3299
uc1.b3739863	64147	4235
uc1.b4376305	55970	4167
inu.39000000974274	58888	3971
mdp.39015014541265	74404	5080
mdp.39015051149659	69041	6349
inu.30000112128651	96432	4518
inu.39000005582288	52159	4726
mdp.39015050309551	100365	5872
uc1.b4975632	76182	7658
mdp.39015017665764	86796	5055
mdp.39015018930597	46041	3060
uc1.32106011486989	138905	10797
mdp.39015050292658	135781	8565
mdp.39015038098920	90042	6719
mdp.39015049863932	52524	3678
inu.30000000957484	32429	1860
mdp.39015018985666	107251	5424
mdp.39015055109840	39712	2536
mdp.39015012866847	184232	8692
pst.000018705881	89484	3948
pst.000016395053	162171	6957
uc1.32106017829828	302882	22187
mdp.39015016986682	47885	2543
inu.39000001112445	45824	3053
uc1.b3460299	17441	1093
pst.000014560620	91468	6196
uc1.32106009609949	68018	4787
uc1.b4439355	95835	8071
mdp.49015000298159	129613	7593
mdp.39015050980864	36473	2197
inu.39000001424931	49289	2802
mdp.39015061469048	61010	3065
uc1.b4973186	84741	4818
uc1.b4361989	67699	3973
uc1.b4369661	66513	3792
uc1.b3477460	60040	4443
mdp.39015024894282	34828	1569
mdp.39015018520398	132498	9454
mdp.39015019429110	108188	10770
mdp.39015025280705	193615	14876
mdp.39015028917642	54785	2278
uc1.b4355423	146813	7524
mdp.39015034034556	79614	7208
mdp.39015019607376	66751	4121
uc1.32106011001762	41031	2381
mdp.39015032951694	63237	4049
mdp.39015029554261	154742	9206
uc1.32106011502157	74948	6904
mdp.39015029475343	108155	7711
mdp.39015033964035	29561	1677
mdp.39015029577601	70244	4053
uc1.32106012556582	136384	12626
uc1.32106014289976	56809	3497
inu.30000057526448	150937	9792
mdp.39015054076024	348273	21034
inu.30000064046976	35265	1615
mdp.39015029113274	68611	5920
uc1.b4381449	71007	4778
mdp.39015029232769	121341	8662
inu.30000004013144	75264	4279
mdp.39015029935965	218905	9874
inu.30000045131764	47714	3058
mdp.39015039922623	60857	3743
mdp.39015033983001	52989	2359
wu.89040941940	72487	3580
mdp.39015032933502	50858	2423
mdp.39015017436828	64138	4734
uc1.32106009522654	159842	8130
mdp.39015028919721	36018	1717
mdp.39015028917659	45448	2107
mdp.39015017697734	49483	1995
mdp.39015031793568	89798	4424
uc1.32106009785699	588575	40216
mdp.39015032082433	50424	3315
mdp.39015019864969	102894	7225
mdp.39015029529800	39114	2948
pst.000032788860	87561	5591
mdp.39015029900688	130946	10104
inu.30000026037832	97843	4382
mdp.39015025186779	36766	1925
mdp.39015061142009	303644	20424
mdp.39015037310813	52332	3530
mdp.39015040571328	114581	6932
mdp.39015050727299	102680	7727
mdp.39015054016459	500135	39357
mdp.39015037422741	58428	2879
mdp.39015042826951	39721	1179
mdp.39015047511772	80870	6244
mdp.39015034399827	89078	7717
uc1.32106014786492	162186	10345
mdp.39015038101666	110000	8162
mdp.39015037822650	90688	6481
mdp.39015037474619	109595	8773
mdp.39015047837722	123577	7017
mdp.39015056670584	14339	890
mdp.39015041026827	64376	4727
uc1.32106013465049	130795	8621
uc1.32106015584854	162425	9661
mdp.39015037698258	85729	6235
mdp.39015049639100	198697	10433
mdp.39015034243983	78771	4450
mdp.39015046006675	98967	7591
mdp.39015038148683	88088	6479
mdp.39015063092467	33819	1889
mdp.39015048749934	110609	6237
inu.30000052999335	33473	1785
uc1.32106017921815	112703	10624
mdp.39015047872398	94236	5017
mdp.39015049742607	50737	3146
mdp.39015041983316	130162	6234
mdp.39015035016099	22062	1008
mdp.39015037756031	80259	5274
mdp.39015048750809	42673	3325
mdp.39015041722193	119377	7480
inu.30000085374894	106235	8768
mdp.39015040844386	52798	2771
inu.30000057511846	26140	1387
osu.32435058055286	80906	7817
mdp.39015039923225	84207	4738
mdp.39015047114585	83412	5416
uc1.32106016310473	93062	6499
mdp.39015040368360	102803	8152
uc1.32106017921492	87577	5469
uc1.b4557361	66550	4152
mdp.39015059119886	115616	8739
mdp.39015056512109	86264	5991
mdp.39015055883816	141663	9862
inu.30000107396149	20443	1203
mdp.39015055478666	105687	7993
inu.30000107494209	81461	4855
mdp.39015050326985	112218	6333
mdp.39015053114891	159809	11874
coo.31924105504561		
mdp.39015056671277	104593	8854
pst.000056848915	121591	8635
mdp.39015049970133	79673	7029
mdp.49015002623982	101699	8012
mdp.39015053746841	72333	4136
mdp.39015067663909	36595	2216
mdp.39015053378181	113401	9643
mdp.39015042554041	56140	3531
mdp.39015060075960	48495	2983
mdp.39015056248704	77876	8272
mdp.39015056909438	81496	4754
inu.30000088035518	75428	4430
mdp.39015061160530	146964	10633
mdp.39015053143296	54782	3823
mdp.39015059159650	130300	7838
mdp.39015060067975	156129	9265
mdp.39015058831424	230309	12442
mdp.39015062045086	154663	9535
mdp.39015054294908	439547	30397
inu.30000081189692	21767	1216
mdp.39015052880591	56953	3299
inu.30000110580952	156913	9836
mdp.39015061425164	97149	6641
mdp.39015060836171	87769	5609
mdp.39015069354358	175356	11299
mdp.39015077145541	112240	8765
mdp.39015069302852	101863	6885
mdp.39015063226115	66650	3508
mdp.39015077627878	65609	4927
mdp.39015066783013	32417	1907
mdp.39015084094443	80677	5748
mdp.39076002869191	153321	8745
inu.30000122924032	71116	4998
mdp.39015066824247	74262	6551
inu.30000107397808	104175	7448
mdp.39015066894745	86926	4585
inu.30000126685910	33489	1614
mdp.39015070697662	73992	6397
mdp.39015068802589	95404	8398
mdp.39015055937604	112590	7256
mdp.39015078783464	92326	5962
mdp.39015079149517	151312	10038
inu.30000095651000	218251	16860
mdp.39076002787351	53847	3484
mdp.39015082701189	27744	1918
uc1.32106018997434	115363	8031
mdp.39015080888038	70057	4631
mdp.39015060667444	116026	6487
mdp.39015064116265	101560	4806
mdp.39015080879938	103581	6467
mdp.39015066888838	128673	11283
mdp.39015084095309	115546	7663
mdp.39015063240744	100053	5420
inu.30000109973788	46571	3491
mdp.39015064115846	57848	2603
mdp.39015080844932	105568	4963
mdp.39015059204787	114939	8348
mdp.39015064866943	87623	3638
mdp.39015077147133	84977	4361
mdp.39015063306859	109685	8278
inu.30000107336434	158612	9514
mdp.39015060594010	137087	7836
mdp.39015079305028	98500	7356
mdp.39015066855217	71808	4160
mdp.39015073893649	90210	5727
inu.30000110613373	201227	12148
mdp.39015080874483	168140	10154
mdp.39015078790006	105163	7336
mdp.39015060617720	65095	3727
mdp.39015066897003	154791	8088
mdp.39015077669524	216868	13261
mdp.39015074301576	82524	5687
mdp.39015063268497	60149	3386
